** Drc report for c5k_final_jlc.kicad_pcb **
** Created on 2026-10-08T11:01:57 **
** Report includes: Errors, Warnings **

** Found 552 DRC violations **
[drill_out_of_range]: Hole size out of range (rule 'JLC NPTH hole size' max hole 6.3000 mm; actual 11.8200 mm)
    Rule: JLC NPTH hole size; error
    @(38.2400 mm, 39.9800 mm): NPTH pad of MH6
[drill_out_of_range]: Hole size out of range (rule 'JLC NPTH hole size' max hole 6.3000 mm; actual 10.4000 mm)
    Rule: JLC NPTH hole size; error
    @(38.2400 mm, 43.6900 mm): NPTH pad of MH6
[drill_out_of_range]: Hole size out of range (rule 'JLC NPTH hole size' max hole 6.3000 mm; actual 11.8200 mm)
    Rule: JLC NPTH hole size; error
    @(38.2400 mm, 256.3000 mm): NPTH pad of MH3
[drill_out_of_range]: Hole size out of range (rule 'JLC NPTH hole size' max hole 6.3000 mm; actual 10.4000 mm)
    Rule: JLC NPTH hole size; error
    @(38.2400 mm, 260.0100 mm): NPTH pad of MH3
[starved_thermal]: Thermal relief connection to zone incomplete (layer F.Cu; zone min spoke count 2; actual 1)
    Local override; error
    @(30.0000 mm, 30.0000 mm): Zone 'GND_TOP' [GND] on F.Cu, priority 0
    @(151.5750 mm, 193.3500 mm): Pad 2 [GND_ISO] of C130 on F.Cu
[starved_thermal]: Thermal relief connection to zone incomplete (layer F.Cu; zone min spoke count 2; actual 1)
    Local override; error
    @(30.0000 mm, 30.0000 mm): Zone 'GND_TOP' [GND] on F.Cu, priority 0
    @(148.9800 mm, 249.3200 mm): Pad 13 [GND] of U31 on F.Cu
[starved_thermal]: Thermal relief connection to zone incomplete (layer F.Cu; zone min spoke count 2; actual 1)
    Local override; error
    @(30.0000 mm, 30.0000 mm): Zone 'GND_TOP' [GND] on F.Cu, priority 0
    @(65.8550 mm, 66.2000 mm): Pad 2 [GND] of C14 on F.Cu
[starved_thermal]: Thermal relief connection to zone incomplete (layer F.Cu; zone min spoke count 2; actual 1)
    Local override; error
    @(30.0000 mm, 30.0000 mm): Zone 'GND_TOP' [GND] on F.Cu, priority 0
    @(84.2750 mm, 69.2700 mm): Pad 2 [GND] of C26 on F.Cu
[starved_thermal]: Thermal relief connection to zone incomplete (layer F.Cu; zone min spoke count 2; actual 1)
    Local override; error
    @(30.0000 mm, 30.0000 mm): Zone 'GND_TOP' [GND] on F.Cu, priority 0
    @(64.0800 mm, 61.4250 mm): Pad 2 [GND] of C25 on F.Cu
[starved_thermal]: Thermal relief connection to zone incomplete (layer F.Cu; zone min spoke count 2; actual 1)
    Local override; error
    @(30.0000 mm, 30.0000 mm): Zone 'GND_TOP' [GND] on F.Cu, priority 0
    @(42.7000 mm, 59.2100 mm): PTH pad 19 [GND] of J9
[starved_thermal]: Thermal relief connection to zone incomplete (layer F.Cu; zone min spoke count 2; actual 1)
    Local override; error
    @(30.0000 mm, 30.0000 mm): Zone 'GND_TOP' [GND] on F.Cu, priority 0
    @(99.4700 mm, 145.8900 mm): Pad 8 [GND] of U15 on F.Cu
[starved_thermal]: Thermal relief connection to zone incomplete (layer F.Cu; zone min spoke count 2; actual 1)
    Local override; error
    @(30.0000 mm, 30.0000 mm): Zone 'GND_TOP' [GND] on F.Cu, priority 0
    @(129.0700 mm, 224.3550 mm): Pad 2 [GND] of C35 on F.Cu
[starved_thermal]: Thermal relief connection to zone incomplete (layer F.Cu; 1 spokes connected to isolated island)
    Local override; error
    @(30.0000 mm, 30.0000 mm): Zone 'GND_TOP' [GND] on F.Cu, priority 0
    @(79.4500 mm, 251.7300 mm): PTH pad 10 [GND] of J3
[starved_thermal]: Thermal relief connection to zone incomplete (layer F.Cu; zone min spoke count 2; actual 1)
    Local override; error
    @(30.0000 mm, 30.0000 mm): Zone 'GND_TOP' [GND] on F.Cu, priority 0
    @(117.3800 mm, 179.7700 mm): PTH pad 20 [GND] of J21
[starved_thermal]: Thermal relief connection to zone incomplete (layer F.Cu; zone min spoke count 2; actual 1)
    Local override; error
    @(30.0000 mm, 30.0000 mm): Zone 'GND_TOP' [GND] on F.Cu, priority 0
    @(73.0500 mm, 67.0400 mm): Pad 4 [GND] of Y1 on F.Cu
[starved_thermal]: Thermal relief connection to zone incomplete (layer B.Cu; 1 spokes connected to isolated island)
    Local override; error
    @(30.0000 mm, 30.0000 mm): Zone 'GND_BOT' [GND] on B.Cu, priority 0
    @(79.4500 mm, 251.7300 mm): PTH pad 10 [GND] of J3
[starved_thermal]: Thermal relief connection to zone incomplete (layer B.Cu; 1 spokes connected to isolated island)
    Local override; error
    @(30.0000 mm, 30.0000 mm): Zone 'GND_BOT' [GND] on B.Cu, priority 0
    @(109.7600 mm, 179.7700 mm): PTH pad 14 [GND] of J21
[starved_thermal]: Thermal relief connection to zone incomplete (layer B.Cu; 1 spokes connected to isolated island)
    Local override; error
    @(30.0000 mm, 30.0000 mm): Zone 'GND_BOT' [GND] on B.Cu, priority 0
    @(117.3800 mm, 179.7700 mm): PTH pad 20 [GND] of J21
[starved_thermal]: Thermal relief connection to zone incomplete (layer B.Cu; 1 spokes connected to isolated island)
    Local override; error
    @(30.0000 mm, 30.0000 mm): Zone 'GND_BOT' [GND] on B.Cu, priority 0
    @(125.0000 mm, 177.2300 mm): PTH pad 25 [GND] of J21
[annular_width]: Annular width (rule 'JLC PTH annular ring (recommended 0.25 mm)' min annular width 0.2500 mm; actual 0.2000 mm)
    Rule: JLC PTH annular ring (recommended 0.25 mm); warning
    @(79.9200 mm, 37.1250 mm): PTH pad SH [GND] of J19
[annular_width]: Annular width (rule 'JLC PTH annular ring (recommended 0.25 mm)' min annular width 0.2500 mm; actual 0.2000 mm)
    Rule: JLC PTH annular ring (recommended 0.25 mm); warning
    @(79.9200 mm, 32.9450 mm): PTH pad SH [GND] of J19
[annular_width]: Annular width (rule 'JLC PTH annular ring (recommended 0.25 mm)' min annular width 0.2500 mm; actual 0.2000 mm)
    Rule: JLC PTH annular ring (recommended 0.25 mm); warning
    @(71.2800 mm, 37.1250 mm): PTH pad SH [GND] of J19
[annular_width]: Annular width (rule 'JLC PTH annular ring (recommended 0.25 mm)' min annular width 0.2500 mm; actual 0.2000 mm)
    Rule: JLC PTH annular ring (recommended 0.25 mm); warning
    @(71.2800 mm, 32.9450 mm): PTH pad SH [GND] of J19
[track_dangling]: Track has unconnected end
    Local override; warning
    @(108.6000 mm, 230.8000 mm): Track [+4V5] on F.Cu, length 0.1000 mm
[track_dangling]: Track has unconnected end
    Local override; warning
    @(69.1000 mm, 247.7667 mm): Track [+4V5] on B.Cu, length 0.0333 mm
[track_dangling]: Track has unconnected end
    Local override; warning
    @(143.7000 mm, 231.3522 mm): Track [Net-(J1-Pin_1)] on F.Cu, length 0.0676 mm
[track_dangling]: Track has unconnected end
    Local override; warning
    @(78.3000 mm, 57.4000 mm): Track [GI_PWM] on F.Cu, length 0.5000 mm
[track_dangling]: Track has unconnected end
    Local override; warning
    @(76.1000 mm, 51.8000 mm): Track [+3V3] on F.Cu, length 1.3000 mm
[track_dangling]: Track has unconnected end
    Local override; warning
    @(77.8000 mm, 53.8000 mm): Track [RP_UART_RX] on F.Cu, length 1.1000 mm
[silk_edge_clearance]: Silkscreen clipped by board edge
    Rule: board setup constraints silk; warning
    @(172.0000 mm, 30.0000 mm): Segment on Edge.Cuts
    @(172.1700 mm, 62.5400 mm): Reference field of J23
[silk_edge_clearance]: Silkscreen clipped by board edge
    Rule: board setup constraints silk; warning
    @(172.0000 mm, 30.0000 mm): Segment on Edge.Cuts
    @(172.1700 mm, 50.5400 mm): Reference field of J17
[silk_edge_clearance]: Silkscreen clipped by board edge
    Rule: board setup constraints silk; warning
    @(172.0000 mm, 30.0000 mm): Segment on Edge.Cuts
    @(171.8250 mm, 119.0250 mm): Segment of J30 on F.Silkscreen
[silk_edge_clearance]: Silkscreen clipped by board edge
    Rule: board setup constraints silk; warning
    @(172.0000 mm, 30.0000 mm): Segment on Edge.Cuts
    @(175.8250 mm, 125.2650 mm): Segment of J30 on F.Silkscreen
[silk_edge_clearance]: Silkscreen clipped by board edge
    Rule: board setup constraints silk; warning
    @(172.0000 mm, 30.0000 mm): Segment on Edge.Cuts
    @(172.6600 mm, 95.4400 mm): Reference field of J24
[lib_footprint_issues]: The current configuration does not include the footprint library 'Resistor_SMD'
    Local override; warning
    @(119.3750 mm, 60.0650 mm): Footprint R6
[lib_footprint_issues]: The current configuration does not include the footprint library 'Diode_SMD'
    Local override; warning
    @(54.9775 mm, 183.6850 mm): Footprint D12
[lib_footprint_issues]: The current configuration does not include the footprint library 'Resistor_SMD'
    Local override; warning
    @(80.5250 mm, 199.3750 mm): Footprint R173
[lib_footprint_issues]: The current configuration does not include the footprint library 'Capacitor_SMD'
    Local override; warning
    @(151.5750 mm, 187.3250 mm): Footprint C132
[lib_footprint_issues]: The current configuration does not include the footprint library 'Resistor_SMD'
    Local override; warning
    @(55.8250 mm, 122.0450 mm): Footprint R69
[lib_footprint_issues]: The current configuration does not include the footprint library 'Capacitor_SMD'
    Local override; warning
    @(123.5450 mm, 108.0575 mm): Footprint C104
[lib_footprint_issues]: The current configuration does not include the footprint library 'Resistor_SMD'
    Local override; warning
    @(48.5250 mm, 173.5975 mm): Footprint R51
[lib_footprint_issues]: The current configuration does not include the footprint library 'Capacitor_SMD'
    Local override; warning
    @(91.5250 mm, 216.4150 mm): Footprint C76
[lib_footprint_issues]: The current configuration does not include the footprint library 'Capacitor_SMD'
    Local override; warning
    @(58.2200 mm, 158.5750 mm): Footprint C53
[lib_footprint_issues]: The current configuration does not include the footprint library 'Capacitor_SMD'
    Local override; warning
    @(85.6200 mm, 64.2000 mm): Footprint C18
[lib_footprint_issues]: The current configuration does not include the footprint library 'Resistor_SMD'
    Local override; warning
    @(83.1750 mm, 197.3750 mm): Footprint R174
[lib_footprint_issues]: The current configuration does not include the footprint library 'Resistor_SMD'
    Local override; warning
    @(54.5250 mm, 77.8375 mm): Footprint R24
[lib_footprint_issues]: The current configuration does not include the footprint library 'Resistor_SMD'
    Local override; warning
    @(78.4250 mm, 177.5975 mm): Footprint R57
[lib_footprint_issues]: The current configuration does not include the footprint library 'Package_TO_SOT_SMD'
    Local override; warning
    @(95.6450 mm, 52.8450 mm): Footprint U3
[lib_footprint_issues]: The current configuration does not include the footprint library 'Resistor_SMD'
    Local override; warning
    @(60.8250 mm, 77.8375 mm): Footprint R26
[lib_footprint_issues]: The current configuration does not include the footprint library 'TestPoint'
    Local override; warning
    @(54.2975 mm, 87.1662 mm): Footprint TP10
[lib_footprint_issues]: The current configuration does not include the footprint library 'Resistor_SMD'
    Local override; warning
    @(70.1750 mm, 65.2250 mm): Footprint R207
[lib_footprint_issues]: The current configuration does not include the footprint library 'Capacitor_SMD'
    Local override; warning
    @(86.4750 mm, 216.4150 mm): Footprint C79
[lib_footprint_issues]: The current configuration does not include the footprint library 'Capacitor_SMD'
    Local override; warning
    @(83.4500 mm, 56.4500 mm): Footprint C24
[lib_footprint_issues]: The current configuration does not include the footprint library 'Resistor_SMD'
    Local override; warning
    @(101.4250 mm, 60.0650 mm): Footprint R3
[lib_footprint_issues]: The current configuration does not include the footprint library 'Resistor_SMD'
    Local override; warning
    @(70.0750 mm, 108.0450 mm): Footprint R74
[lib_footprint_issues]: The current configuration does not include the footprint library 'Capacitor_SMD'
    Local override; warning
    @(55.5250 mm, 226.5950 mm): Footprint C85
[lib_footprint_issues]: The current configuration does not include the footprint library 'Resistor_SMD'
    Local override; warning
    @(92.5250 mm, 195.9250 mm): Footprint R152
[lib_footprint_issues]: The current configuration does not include the footprint library 'TestPoint'
    Local override; warning
    @(133.0400 mm, 220.8762 mm): Footprint TP15
[lib_footprint_issues]: The current configuration does not include the footprint library 'Resistor_SMD'
    Local override; warning
    @(76.3750 mm, 111.1950 mm): Footprint R86
[lib_footprint_issues]: The current configuration does not include the footprint library 'Diode_SMD'
    Local override; warning
    @(50.3950 mm, 123.4750 mm): Footprint D24
[lib_footprint_issues]: The current configuration does not include the footprint library 'TestPoint'
    Local override; warning
    @(57.2975 mm, 177.7862 mm): Footprint TP18
[lib_footprint_issues]: The current configuration does not include the footprint library 'Resistor_SMD'
    Local override; warning
    @(57.5250 mm, 243.9250 mm): Footprint R131
[lib_footprint_issues]: The current configuration does not include the footprint library 'Resistor_SMD'
    Local override; warning
    @(111.4250 mm, 219.7150 mm): Footprint R114
[lib_footprint_issues]: The current configuration does not include the footprint library 'Package_TO_SOT_THT'
    Local override; warning
    @(115.0000 mm, 94.0000 mm): Footprint U24
[lib_footprint_issues]: The current configuration does not include the footprint library 'Resistor_SMD'
    Local override; warning
    @(52.5250 mm, 248.0750 mm): Footprint R138
[lib_footprint_issues]: The current configuration does not include the footprint library 'Resistor_SMD'
    Local override; warning
    @(56.1750 mm, 235.7750 mm): Footprint R125
[lib_footprint_issues]: The current configuration does not include the footprint library 'Capacitor_SMD'
    Local override; warning
    @(111.8350 mm, 108.3075 mm): Footprint C99
[lib_footprint_issues]: The current configuration does not include the footprint library 'Resistor_SMD'
    Local override; warning
    @(62.7750 mm, 185.4475 mm): Footprint R46
[lib_footprint_issues]: The current configuration does not include the footprint library 'Resistor_SMD'
    Local override; warning
    @(74.0750 mm, 170.4475 mm): Footprint R48
[lib_footprint_issues]: The current configuration does not include the footprint library 'Resistor_SMD'
    Local override; warning
    @(85.1750 mm, 193.9250 mm): Footprint R153
[lib_footprint_issues]: The current configuration does not include the footprint library 'Resistor_SMD'
    Local override; warning
    @(90.1750 mm, 187.0750 mm): Footprint R160
[lib_footprint_issues]: The current configuration does not include the footprint library 'MountingHole'
    Local override; warning
    @(89.6500 mm, 178.5000 mm): Footprint MH9
[lib_footprint_issues]: The current configuration does not include the footprint library 'Resistor_SMD'
    Local override; warning
    @(79.7250 mm, 112.0450 mm): Footprint R75
[lib_footprint_issues]: The current configuration does not include the footprint library 'Diode_SMD'
    Local override; warning
    @(64.2650 mm, 107.6850 mm): Footprint D21
[lib_footprint_issues]: The current configuration does not include the footprint library 'Package_TO_SOT_SMD'
    Local override; warning
    @(126.5650 mm, 51.9450 mm): Footprint U1
[lib_footprint_issues]: The current configuration does not include the footprint library 'Capacitor_SMD'
    Local override; warning
    @(36.3750 mm, 198.3700 mm): Footprint C126
[lib_footprint_issues]: The current configuration does not include the footprint library 'Resistor_SMD'
    Local override; warning
    @(102.1250 mm, 216.7150 mm): Footprint R112
[lib_footprint_issues]: The current configuration does not include the footprint library 'Resistor_SMD'
    Local override; warning
    @(74.4250 mm, 238.9250 mm): Footprint R137
[lib_footprint_issues]: The current configuration does not include the footprint library 'Resistor_SMD'
    Local override; warning
    @(93.8250 mm, 224.5650 mm): Footprint R102
[lib_footprint_issues]: The current configuration does not include the footprint library 'Capacitor_SMD'
    Local override; warning
    @(92.9350 mm, 66.5950 mm): Footprint C4
[lib_footprint_issues]: The current configuration does not include the footprint library 'Resistor_SMD'
    Local override; warning
    @(58.1250 mm, 111.0450 mm): Footprint R71
[lib_footprint_issues]: The current configuration does not include the footprint library 'Diode_SMD'
    Local override; warning
    @(58.4850 mm, 114.6850 mm): Footprint D19
[lib_footprint_issues]: The current configuration does not include the footprint library 'Capacitor_SMD'
    Local override; warning
    @(59.1750 mm, 124.0450 mm): Footprint C62
[lib_footprint_issues]: The current configuration does not include the footprint library 'Resistor_SMD'
    Local override; warning
    @(88.8250 mm, 193.9250 mm): Footprint R154
[lib_footprint_issues]: The current configuration does not include the footprint library 'Resistor_SMD'
    Local override; warning
    @(147.7250 mm, 205.9550 mm): Footprint R211
[lib_footprint_issues]: The current configuration does not include the footprint library 'Capacitor_SMD'
    Local override; warning
    @(128.1300 mm, 118.1150 mm): Footprint C114
[lib_footprint_issues]: The current configuration does not include the footprint library 'Diode_SMD'
    Local override; warning
    @(49.5875 mm, 177.6850 mm): Footprint D11
[lib_footprint_issues]: The current configuration does not include the footprint library 'TestPoint'
    Local override; warning
    @(111.4900 mm, 112.3862 mm): Footprint TP22
[lib_footprint_issues]: The current configuration does not include the footprint library 'Resistor_SMD'
    Local override; warning
    @(74.7750 mm, 179.5975 mm): Footprint R56
[lib_footprint_issues]: The current configuration does not include the footprint library 'Button_Switch_SMD'
    Local override; warning
    @(68.2950 mm, 80.3550 mm): Footprint SW1
[lib_footprint_issues]: The current configuration does not include the footprint library 'Package_SO'
    Local override; warning
    @(148.3450 mm, 246.8450 mm): Footprint U31
[lib_footprint_issues]: The current configuration does not include the footprint library 'TestPoint'
    Local override; warning
    @(87.6775 mm, 78.6062 mm): Footprint TP7
[lib_footprint_issues]: The current configuration does not include the footprint library 'Package_TO_SOT_SMD'
    Local override; warning
    @(100.2150 mm, 113.3950 mm): Footprint Q2
[lib_footprint_issues]: The current configuration does not include the footprint library 'Capacitor_SMD'
    Local override; warning
    @(90.5250 mm, 60.0650 mm): Footprint C9
[lib_footprint_issues]: The current configuration does not include the footprint library 'Capacitor_SMD'
    Local override; warning
    @(59.0500 mm, 42.7300 mm): Footprint C22
[lib_footprint_issues]: The current configuration does not include the footprint library 'Resistor_SMD'
    Local override; warning
    @(103.4250 mm, 192.9250 mm): Footprint R158
[lib_footprint_issues]: The current configuration does not include the footprint library 'Capacitor_SMD'
    Local override; warning
    @(79.9950 mm, 169.4575 mm): Footprint C47
[lib_footprint_issues]: The current configuration does not include the footprint library 'Package_SO'
    Local override; warning
    @(75.9250 mm, 98.8250 mm): Footprint U11
[lib_footprint_issues]: The current configuration does not include the footprint library 'Resistor_SMD'
    Local override; warning
    @(126.5250 mm, 238.0750 mm): Footprint R37
[lib_footprint_issues]: The current configuration does not include the footprint library 'Resistor_SMD'
    Local override; warning
    @(122.5250 mm, 241.2250 mm): Footprint R42
[lib_footprint_issues]: The current configuration does not include the footprint library 'TestPoint'
    Local override; warning
    @(48.6825 mm, 83.1662 mm): Footprint TP12
[lib_footprint_issues]: The current configuration does not include the footprint library 'Connector_PinHeader_2.54mm'
    Local override; warning
    @(65.8150 mm, 69.8150 mm): Footprint J20
[lib_footprint_issues]: The current configuration does not include the footprint library 'Resistor_SMD'
    Local override; warning
    @(106.4250 mm, 220.5650 mm): Footprint R106
[lib_footprint_issues]: The current configuration does not include the footprint library 'Inductor_SMD'
    Local override; warning
    @(98.3625 mm, 104.7350 mm): Footprint FB1
[lib_footprint_issues]: The current configuration does not include the footprint library 'TestPoint'
    Local override; warning
    @(102.2800 mm, 104.9462 mm): Footprint TP2
[lib_footprint_issues]: The current configuration does not include the footprint library 'Resistor_SMD'
    Local override; warning
    @(117.5250 mm, 121.0075 mm): Footprint R194
[lib_footprint_issues]: The current configuration does not include the footprint library 'Capacitor_SMD'
    Local override; warning
    @(121.3100 mm, 110.1150 mm): Footprint C121
[lib_footprint_issues]: The current configuration does not include the footprint library 'Resistor_SMD'
    Local override; warning
    @(107.7750 mm, 186.0750 mm): Footprint R164
[lib_footprint_issues]: The current configuration does not include the footprint library 'Resistor_SMD'
    Local override; warning
    @(51.5250 mm, 180.7475 mm): Footprint R61
[lib_footprint_issues]: The current configuration does not include the footprint library 'Resistor_SMD'
    Local override; warning
    @(142.1250 mm, 244.7750 mm): Footprint R35
[lib_footprint_issues]: The current configuration does not include the footprint library 'Package_SO'
    Local override; warning
    @(129.7350 mm, 105.9450 mm): Footprint U26
[lib_footprint_issues]: The current configuration does not include the footprint library 'Capacitor_SMD'
    Local override; warning
    @(65.0800 mm, 66.2000 mm): Footprint C14
[lib_footprint_issues]: The current configuration does not include the footprint library 'Resistor_SMD'
    Local override; warning
    @(79.1750 mm, 87.9675 mm): Footprint R17
[lib_footprint_issues]: The current configuration does not include the footprint library 'Capacitor_SMD'
    Local override; warning
    @(84.6200 mm, 60.0000 mm): Footprint C27
[lib_footprint_issues]: The current configuration does not include the footprint library 'Resistor_SMD'
    Local override; warning
    @(60.4750 mm, 239.7750 mm): Footprint R127
[lib_footprint_issues]: The current configuration does not include the footprint library 'Capacitor_SMD'
    Local override; warning
    @(153.5250 mm, 193.9450 mm): Footprint C131
[lib_footprint_issues]: The current configuration does not include the footprint library 'Resistor_SMD'
    Local override; warning
    @(103.1250 mm, 223.8650 mm): Footprint R120
[lib_footprint_issues]: The current configuration does not include the footprint library 'Resistor_SMD'
    Local override; warning
    @(100.7750 mm, 65.0650 mm): Footprint R2
[lib_footprint_issues]: The current configuration does not include the footprint library 'Resistor_SMD'
    Local override; warning
    @(117.4250 mm, 186.7750 mm): Footprint R151
[lib_footprint_issues]: The current configuration does not include the footprint library 'LED_SMD'
    Local override; warning
    @(79.9100 mm, 90.7750 mm): Footprint D3
[lib_footprint_issues]: The current configuration does not include the footprint library 'Resistor_SMD'
    Local override; warning
    @(101.1750 mm, 160.7750 mm): Footprint R19
[lib_footprint_issues]: The current configuration does not include the footprint library 'Diode_SMD'
    Local override; warning
    @(69.6550 mm, 114.6850 mm): Footprint D22
[lib_footprint_issues]: The current configuration does not include the footprint library 'Capacitor_SMD'
    Local override; warning
    @(85.0500 mm, 69.2700 mm): Footprint C26
[lib_footprint_issues]: The current configuration does not include the footprint library 'Resistor_SMD'
    Local override; warning
    @(62.7750 mm, 114.3450 mm): Footprint R92
[lib_footprint_issues]: The current configuration does not include the footprint library 'LED_SMD'
    Local override; warning
    @(105.4750 mm, 60.0650 mm): Footprint D2
[lib_footprint_issues]: The current configuration does not include the footprint library 'Resistor_SMD'
    Local override; warning
    @(53.8250 mm, 113.3450 mm): Footprint R89
[lib_footprint_issues]: The current configuration does not include the footprint library 'Resistor_SMD'
    Local override; warning
    @(73.7750 mm, 242.9250 mm): Footprint R136
[lib_footprint_issues]: The current configuration does not include the footprint library 'Capacitor_SMD'
    Local override; warning
    @(55.5250 mm, 117.0450 mm): Footprint C61
[lib_footprint_issues]: The current configuration does not include the footprint library 'Capacitor_SMD'
    Local override; warning
    @(96.1250 mm, 209.4150 mm): Footprint C80
[lib_footprint_issues]: The current configuration does not include the footprint library 'Resistor_SMD'
    Local override; warning
    @(101.8250 mm, 157.7750 mm): Footprint R20
[lib_footprint_issues]: The current configuration does not include the footprint library 'Resistor_SMD'
    Local override; warning
    @(118.1750 mm, 115.1575 mm): Footprint R202
[lib_footprint_issues]: The current configuration does not include the footprint library 'Capacitor_SMD'
    Local override; warning
    @(107.7450 mm, 67.1950 mm): Footprint C108
[lib_footprint_issues]: The current configuration does not include the footprint library 'Capacitor_SMD'
    Local override; warning
    @(63.0900 mm, 193.5750 mm): Footprint C93
[lib_footprint_issues]: The current configuration does not include the footprint library 'TerminalBlock_Phoenix'
    Local override; warning
    @(165.8500 mm, 60.0000 mm): Footprint J23
[lib_footprint_issues]: The current configuration does not include the footprint library 'Package_SO'
    Local override; warning
    @(128.9450 mm, 208.4450 mm): Footprint U20
[lib_footprint_issues]: The current configuration does not include the footprint library 'Resistor_SMD'
    Local override; warning
    @(49.1750 mm, 241.2250 mm): Footprint R95
[lib_footprint_issues]: The current configuration does not include the footprint library 'Capacitor_SMD'
    Local override; warning
    @(95.7750 mm, 213.4150 mm): Footprint C81
[lib_footprint_issues]: The current configuration does not include the footprint library 'Capacitor_SMD'
    Local override; warning
    @(130.8450 mm, 110.0575 mm): Footprint C106
[lib_footprint_issues]: The current configuration does not include the footprint library 'Capacitor_SMD'
    Local override; warning
    @(140.7750 mm, 108.7075 mm): Footprint C116
[lib_footprint_issues]: The current configuration does not include the footprint library 'Resistor_SMD'
    Local override; warning
    @(73.3750 mm, 111.0450 mm): Footprint R76
[lib_footprint_issues]: The current configuration does not include the footprint library 'Connector_Molex'
    Local override; warning
    @(105.8500 mm, 231.4100 mm): Footprint J2
[lib_footprint_issues]: The current configuration does not include the footprint library 'Resistor_SMD'
    Local override; warning
    @(132.4750 mm, 188.1250 mm): Footprint R212
[lib_footprint_issues]: The current configuration does not include the footprint library 'Package_TO_SOT_THT'
    Local override; warning
    @(92.0000 mm, 94.0000 mm): Footprint U23
[lib_footprint_issues]: The current configuration does not include the footprint library 'Resistor_SMD'
    Local override; warning
    @(126.1750 mm, 122.0075 mm): Footprint R195
[lib_footprint_issues]: The current configuration does not include the footprint library 'Jumper'
    Local override; warning
    @(99.2725 mm, 109.1350 mm): Footprint JP1
[lib_footprint_issues]: The current configuration does not include the footprint library 'Resistor_SMD'
    Local override; warning
    @(80.1750 mm, 221.8650 mm): Footprint R117
[lib_footprint_issues]: The current configuration does not include the footprint library 'Connector_PinHeader_2.54mm'
    Local override; warning
    @(137.2150 mm, 202.2150 mm): Footprint J28
[lib_footprint_issues]: The current configuration does not include the footprint library 'Capacitor_SMD'
    Local override; warning
    @(120.5250 mm, 121.7075 mm): Footprint C109
[lib_footprint_issues]: The current configuration does not include the footprint library 'Resistor_SMD'
    Local override; warning
    @(87.1750 mm, 223.7150 mm): Footprint R109
[lib_footprint_issues]: The current configuration does not include the footprint library 'Capacitor_SMD'
    Local override; warning
    @(74.0750 mm, 214.5950 mm): Footprint C92
[lib_footprint_issues]: The current configuration does not include the footprint library 'TestPoint'
    Local override; warning
    @(54.8750 mm, 83.1662 mm): Footprint TP13
[lib_footprint_issues]: The current configuration does not include the footprint library 'Resistor_SMD'
    Local override; warning
    @(66.1250 mm, 250.0750 mm): Footprint R142
[lib_footprint_issues]: The current configuration does not include the footprint library 'Resistor_SMD'
    Local override; warning
    @(100.1250 mm, 69.0650 mm): Footprint R1
[lib_footprint_issues]: The current configuration does not include the footprint library 'Capacitor_SMD'
    Local override; warning
    @(127.1250 mm, 113.7075 mm): Footprint C115
[lib_footprint_issues]: The current configuration does not include the footprint library 'TestPoint'
    Local override; warning
    @(103.4725 mm, 108.9462 mm): Footprint TP3
[lib_footprint_issues]: The current configuration does not include the footprint library 'Capacitor_SMD'
    Local override; warning
    @(63.8475 mm, 47.2250 mm): Footprint C31
[lib_footprint_issues]: The current configuration does not include the footprint library 'Resistor_SMD'
    Local override; warning
    @(50.5250 mm, 127.3450 mm): Footprint R87
[lib_footprint_issues]: The current configuration does not include the footprint library 'Package_SO'
    Local override; warning
    @(51.2450 mm, 192.9450 mm): Footprint U30
[lib_footprint_issues]: The current configuration does not include the footprint library 'TestPoint'
    Local override; warning
    @(88.6825 mm, 113.1362 mm): Footprint TP6
[lib_footprint_issues]: The current configuration does not include the footprint library 'Resistor_SMD'
    Local override; warning
    @(50.3850 mm, 74.3750 mm): Footprint RN2
[lib_footprint_issues]: The current configuration does not include the footprint library 'Resistor_SMD'
    Local override; warning
    @(69.7250 mm, 125.1950 mm): Footprint R85
[lib_footprint_issues]: The current configuration does not include the footprint library 'Connector_Molex'
    Local override; warning
    @(115.0000 mm, 41.1800 mm): Footprint J10
[lib_footprint_issues]: The current configuration does not include the footprint library 'Capacitor_SMD'
    Local override; warning
    @(101.0750 mm, 220.2650 mm): Footprint C75
[lib_footprint_issues]: The current configuration does not include the footprint library 'Resistor_SMD'
    Local override; warning
    @(56.4750 mm, 239.9250 mm): Footprint R134
[lib_footprint_issues]: The current configuration does not include the footprint library 'Capacitor_SMD'
    Local override; warning
    @(115.4400 mm, 98.8200 mm): Footprint C107
[lib_footprint_issues]: The current configuration does not include the footprint library 'TestPoint'
    Local override; warning
    @(134.2325 mm, 223.8762 mm): Footprint TP16
[lib_footprint_issues]: The current configuration does not include the footprint library 'Capacitor_SMD'
    Local override; warning
    @(81.1750 mm, 212.4150 mm): Footprint C77
[lib_footprint_issues]: The current configuration does not include the footprint library 'sam_cpu'
    Local override; warning
    @(38.2400 mm, 36.2700 mm): Footprint MH6
[lib_footprint_issues]: The current configuration does not include the footprint library 'Resistor_SMD'
    Local override; warning
    @(146.8250 mm, 239.7750 mm): Footprint R29
[lib_footprint_issues]: The current configuration does not include the footprint library 'Capacitor_SMD'
    Local override; warning
    @(97.8250 mm, 217.2650 mm): Footprint C69
[lib_footprint_issues]: The current configuration does not include the footprint library 'Resistor_SMD'
    Local override; warning
    @(86.8250 mm, 196.3750 mm): Footprint R175
[lib_footprint_issues]: The current configuration does not include the footprint library 'Resistor_SMD'
    Local override; warning
    @(65.8250 mm, 119.1950 mm): Footprint R79
[lib_footprint_issues]: The current configuration does not include the footprint library 'Resistor_SMD'
    Local override; warning
    @(87.1750 mm, 219.5650 mm): Footprint R101
[lib_footprint_issues]: The current configuration does not include the footprint library 'Resistor_SMD'
    Local override; warning
    @(104.1250 mm, 190.0750 mm): Footprint R163
[lib_footprint_issues]: The current configuration does not include the footprint library 'Package_TO_SOT_SMD'
    Local override; warning
    @(119.9750 mm, 213.3250 mm): Footprint Q18
[lib_footprint_issues]: The current configuration does not include the footprint library 'Package_SO'
    Local override; warning
    @(60.0850 mm, 55.3950 mm): Footprint U7
[lib_footprint_issues]: The current configuration does not include the footprint library 'Capacitor_SMD'
    Local override; warning
    @(137.5250 mm, 194.1250 mm): Footprint C129
[lib_footprint_issues]: The current configuration does not include the footprint library 'Capacitor_SMD'
    Local override; warning
    @(64.0800 mm, 62.2000 mm): Footprint C25
[lib_footprint_issues]: The current configuration does not include the footprint library 'Resistor_SMD'
    Local override; warning
    @(68.1250 mm, 188.7475 mm): Footprint R65
[lib_footprint_issues]: The current configuration does not include the footprint library 'Resistor_SMD'
    Local override; warning
    @(124.8250 mm, 120.0075 mm): Footprint R196
[lib_footprint_issues]: The current configuration does not include the footprint library 'Resistor_SMD'
    Local override; warning
    @(131.4750 mm, 114.0075 mm): Footprint R197
[lib_footprint_issues]: The current configuration does not include the footprint library 'Resistor_SMD'
    Local override; warning
    @(74.3750 mm, 41.5250 mm): Footprint R14
[lib_footprint_issues]: The current configuration does not include the footprint library 'Resistor_SMD'
    Local override; warning
    @(106.1250 mm, 183.7750 mm): Footprint R149
[lib_footprint_issues]: The current configuration does not include the footprint library 'Resistor_SMD'
    Local override; warning
    @(54.4750 mm, 186.7475 mm): Footprint R64
[lib_footprint_issues]: The current configuration does not include the footprint library 'TestPoint'
    Local override; warning
    @(131.0275 mm, 68.8962 mm): Footprint TP19
[lib_footprint_issues]: The current configuration does not include the footprint library 'Resistor_SMD'
    Local override; warning
    @(107.7750 mm, 192.7750 mm): Footprint R150
[lib_footprint_issues]: The current configuration does not include the footprint library 'Resistor_SMD'
    Local override; warning
    @(52.1750 mm, 174.7475 mm): Footprint R62
[lib_footprint_issues]: The current configuration does not include the footprint library 'Resistor_SMD'
    Local override; warning
    @(55.8250 mm, 251.9250 mm): Footprint R133
[lib_footprint_issues]: The current configuration does not include the footprint library 'Resistor_SMD'
    Local override; warning
    @(103.0750 mm, 219.5650 mm): Footprint R107
[lib_footprint_issues]: The current configuration does not include the footprint library 'Capacitor_SMD'
    Local override; warning
    @(94.1200 mm, 202.5750 mm): Footprint C74
[lib_footprint_issues]: The current configuration does not include the footprint library 'Package_TO_SOT_SMD'
    Local override; warning
    @(121.5250 mm, 221.2350 mm): Footprint Q14
[lib_footprint_issues]: The current configuration does not include the footprint library 'Resistor_SMD'
    Local override; warning
    @(138.1250 mm, 246.9250 mm): Footprint R36
[lib_footprint_issues]: The current configuration does not include the footprint library 'Diode_SMD'
    Local override; warning
    @(74.1475 mm, 174.6850 mm): Footprint D15
[lib_footprint_issues]: The current configuration does not include the footprint library 'Package_SO'
    Local override; warning
    @(51.9450 mm, 162.4450 mm): Footprint U19
[lib_footprint_issues]: The current configuration does not include the footprint library 'Connector_Molex'
    Local override; warning
    @(40.0300 mm, 133.5100 mm): Footprint J12
[lib_footprint_issues]: The current configuration does not include the footprint library 'Resistor_SMD'
    Local override; warning
    @(95.8250 mm, 185.7750 mm): Footprint R147
[lib_footprint_issues]: The current configuration does not include the footprint library 'Capacitor_SMD'
    Local override; warning
    @(86.7500 mm, 49.4500 mm): Footprint C11
[lib_footprint_issues]: The current configuration does not include the footprint library 'Capacitor_SMD'
    Local override; warning
    @(137.1250 mm, 219.4450 mm): Footprint C41
[lib_footprint_issues]: The current configuration does not include the footprint library 'Capacitor_SMD'
    Local override; warning
    @(61.4750 mm, 215.5950 mm): Footprint C88
[lib_footprint_issues]: The current configuration does not include the footprint library 'Resistor_SMD'
    Local override; warning
    @(51.1750 mm, 120.3450 mm): Footprint R88
[lib_footprint_issues]: The current configuration does not include the footprint library 'Resistor_SMD'
    Local override; warning
    @(76.7250 mm, 184.4475 mm): Footprint R49
[lib_footprint_issues]: The current configuration does not include the footprint library 'Capacitor_SMD'
    Local override; warning
    @(71.1250 mm, 220.5950 mm): Footprint C89
[lib_footprint_issues]: The current configuration does not include the footprint library 'MountingHole'
    Local override; warning
    @(147.6500 mm, 129.5000 mm): Footprint MH12
[lib_footprint_issues]: The current configuration does not include the footprint library 'Capacitor_SMD'
    Local override; warning
    @(98.4250 mm, 213.4150 mm): Footprint C82
[lib_footprint_issues]: The current configuration does not include the footprint library 'Capacitor_SMD'
    Local override; warning
    @(70.6200 mm, 45.4000 mm): Footprint C19
[lib_footprint_issues]: The current configuration does not include the footprint library 'Capacitor_SMD'
    Local override; warning
    @(121.7450 mm, 105.3075 mm): Footprint C98
[lib_footprint_issues]: The current configuration does not include the footprint library 'Capacitor_SMD'
    Local override; warning
    @(135.1950 mm, 114.0575 mm): Footprint C105
[lib_footprint_issues]: The current configuration does not include the footprint library 'Resistor_SMD'
    Local override; warning
    @(126.7750 mm, 110.8575 mm): Footprint R192
[lib_footprint_issues]: The current configuration does not include the footprint library 'Capacitor_SMD'
    Local override; warning
    @(135.4250 mm, 187.1450 mm): Footprint C128
[lib_footprint_issues]: The current configuration does not include the footprint library 'Resistor_SMD'
    Local override; warning
    @(92.4750 mm, 185.0750 mm): Footprint R162
[lib_footprint_issues]: The current configuration does not include the footprint library 'TestPoint'
    Local override; warning
    @(121.2975 mm, 115.3862 mm): Footprint TP21
[lib_footprint_issues]: The current configuration does not include the footprint library 'Resistor_SMD'
    Local override; warning
    @(109.4750 mm, 159.7750 mm): Footprint R21
[lib_footprint_issues]: The current configuration does not include the footprint library 'Resistor_SMD'
    Local override; warning
    @(57.4750 mm, 180.4475 mm): Footprint R44
[lib_footprint_issues]: The current configuration does not include the footprint library 'Resistor_SMD'
    Local override; warning
    @(101.4250 mm, 185.0750 mm): Footprint R165
[lib_footprint_issues]: The current configuration does not include the footprint library 'Capacitor_SMD'
    Local override; warning
    @(70.0450 mm, 177.4575 mm): Footprint C44
[lib_footprint_issues]: The current configuration does not include the footprint library 'Capacitor_SMD'
    Local override; warning
    @(57.0800 mm, 46.3000 mm): Footprint C13
[lib_footprint_issues]: The current configuration does not include the footprint library 'Resistor_SMD'
    Local override; warning
    @(62.4750 mm, 251.0750 mm): Footprint R141
[lib_footprint_issues]: The current configuration does not include the footprint library 'Resistor_SMD'
    Local override; warning
    @(51.4750 mm, 117.1950 mm): Footprint R80
[lib_footprint_issues]: The current configuration does not include the footprint library 'Resistor_SMD'
    Local override; warning
    @(68.7750 mm, 122.0450 mm): Footprint R72
[lib_footprint_issues]: The current configuration does not include the footprint library 'Diode_SMD'
    Local override; warning
    @(47.7850 mm, 118.4750 mm): Footprint D25
[lib_footprint_issues]: The current configuration does not include the footprint library 'Resistor_SMD'
    Local override; warning
    @(108.5250 mm, 115.1575 mm): Footprint R201
[lib_footprint_issues]: The current configuration does not include the footprint library 'Resistor_SMD'
    Local override; warning
    @(68.1750 mm, 63.4750 mm): Footprint R205
[lib_footprint_issues]: The current configuration does not include the footprint library 'Capacitor_SMD'
    Local override; warning
    @(132.4950 mm, 218.3550 mm): Footprint C36
[lib_footprint_issues]: The current configuration does not include the footprint library 'Capacitor_SMD'
    Local override; warning
    @(117.4750 mm, 222.4450 mm): Footprint C40
[lib_footprint_issues]: The current configuration does not include the footprint library 'Diode_SMD'
    Local override; warning
    @(48.7850 mm, 185.8775 mm): Footprint D18
[lib_footprint_issues]: The current configuration does not include the footprint library 'Connector_Molex'
    Local override; warning
    @(88.4100 mm, 41.1800 mm): Footprint J11
[lib_footprint_issues]: The current configuration does not include the footprint library 'Resistor_SMD'
    Local override; warning
    @(130.1250 mm, 122.0075 mm): Footprint R198
[lib_footprint_issues]: The current configuration does not include the footprint library 'Resistor_SMD'
    Local override; warning
    @(58.7750 mm, 183.7475 mm): Footprint R66
[lib_footprint_issues]: The current configuration does not include the footprint library 'Resistor_SMD'
    Local override; warning
    @(101.1250 mm, 213.5650 mm): Footprint R104
[lib_footprint_issues]: The current configuration does not include the footprint library 'Resistor_SMD'
    Local override; warning
    @(128.8250 mm, 187.1250 mm): Footprint R210
[lib_footprint_issues]: The current configuration does not include the footprint library 'TerminalBlock_Phoenix'
    Local override; warning
    @(165.8500 mm, 48.0000 mm): Footprint J17
[lib_footprint_issues]: The current configuration does not include the footprint library 'Resistor_SMD'
    Local override; warning
    @(106.7750 mm, 187.9250 mm): Footprint R157
[lib_footprint_issues]: The current configuration does not include the footprint library 'Package_DFN_QFN'
    Local override; warning
    @(73.3500 mm, 56.0000 mm): Footprint U4
[silk_overlap]: Silkscreen clearance
    Rule: board setup constraints silk; warning
    @(94.5250 mm, 61.4950 mm): Reference field of C10
    @(92.9350 mm, 62.2450 mm): Reference field of C4
[silk_overlap]: Silkscreen clearance
    Rule: board setup constraints silk; warning
    @(59.3950 mm, 77.8375 mm): Reference field of R26
    @(58.9050 mm, 77.4650 mm): Segment of Q3 on F.Silkscreen
[silk_overlap]: Silkscreen clearance
    Rule: board setup constraints silk; warning
    @(59.3950 mm, 77.8375 mm): Reference field of R26
    @(59.7450 mm, 78.2250 mm): Reference field of Q3
[silk_overlap]: Silkscreen clearance
    Rule: board setup constraints silk; warning
    @(59.3950 mm, 77.8375 mm): Reference field of R26
    @(58.8550 mm, 77.4650 mm): Segment of Q3 on F.Silkscreen
[silk_overlap]: Silkscreen clearance
    Rule: board setup constraints silk; warning
    @(59.3950 mm, 77.8375 mm): Reference field of R26
    @(58.9050 mm, 78.9850 mm): Segment of Q3 on F.Silkscreen
[silk_overlap]: Silkscreen clearance
    Rule: board setup constraints silk; warning
    @(68.2950 mm, 76.6050 mm): Reference field of SW1
    @(64.4350 mm, 76.2750 mm): Segment of J20 on F.Silkscreen
[silk_overlap]: Silkscreen clearance
    Rule: board setup constraints silk; warning
    @(59.7450 mm, 78.2250 mm): Reference field of Q3
    @(60.3025 mm, 78.0748 mm): Segment of R26 on F.Silkscreen
[silk_overlap]: Silkscreen clearance
    Rule: board setup constraints silk; warning
    @(55.7850 mm, 78.9850 mm): Segment of Q3 on F.Silkscreen
    @(55.9550 mm, 77.8375 mm): Reference field of R24
[silk_overlap]: Silkscreen clearance
    Rule: board setup constraints silk; warning
    @(56.7850 mm, 78.9850 mm): Segment of Q3 on F.Silkscreen
    @(55.9550 mm, 77.8375 mm): Reference field of R24
[silk_overlap]: Silkscreen clearance
    Rule: board setup constraints silk; warning
    @(55.7850 mm, 77.4650 mm): Segment of Q3 on F.Silkscreen
    @(55.9550 mm, 77.8375 mm): Reference field of R24
[silk_overlap]: Silkscreen clearance
    Rule: board setup constraints silk; warning
    @(50.8650 mm, 78.6450 mm): Reference field of R23
    @(50.2750 mm, 77.8750 mm): Segment of RN1 on F.Silkscreen
[silk_overlap]: Silkscreen clearance
    Rule: board setup constraints silk; warning
    @(50.6750 mm, 72.0550 mm): Segment of RN3 on F.Silkscreen
    @(50.3850 mm, 71.5750 mm): Reference field of RN2
[silk_overlap]: Silkscreen clearance
    Rule: board setup constraints silk; warning
    @(54.8750 mm, 81.5182 mm): Reference field of TP13
    @(51.4900 mm, 80.5182 mm): Reference field of TP11
[silk_overlap]: Silkscreen clearance
    Rule: board setup constraints silk; warning
    @(48.6825 mm, 81.5182 mm): Reference field of TP12
    @(47.3800 mm, 81.5700 mm): Segment of J9 on F.Silkscreen
[silk_overlap]: Silkscreen clearance
    Rule: board setup constraints silk; warning
    @(48.6825 mm, 81.5182 mm): Reference field of TP12
    @(51.4900 mm, 80.5182 mm): Reference field of TP11
[silk_overlap]: Silkscreen clearance
    Rule: board setup constraints silk; warning
    @(50.8650 mm, 78.6450 mm): Reference field of R23
    @(51.4900 mm, 80.5182 mm): Reference field of TP11
[silk_overlap]: Silkscreen clearance
    Rule: board setup constraints silk; warning
    @(53.5500 mm, 61.8400 mm): Reference field of C15
    @(54.9950 mm, 62.5100 mm): Reference field of C32
[silk_overlap]: Silkscreen clearance
    Rule: board setup constraints silk; warning
    @(60.0850 mm, 59.5950 mm): Reference field of U7
    @(60.3575 mm, 60.0650 mm): Reference field of C33
[silk_overlap]: Silkscreen clearance
    Rule: board setup constraints silk; warning
    @(111.4900 mm, 110.7382 mm): Reference field of TP22
    @(111.8350 mm, 109.9875 mm): Reference field of C99
[silk_overlap]: Silkscreen clearance
    Rule: board setup constraints silk; warning
    @(118.1750 mm, 113.7275 mm): Reference field of R202
    @(118.8950 mm, 114.4875 mm): Reference field of C103
[silk_overlap]: Silkscreen clearance
    Rule: board setup constraints silk; warning
    @(116.2200 mm, 108.4350 mm): Reference field of C120
    @(116.9750 mm, 108.7275 mm): Reference field of FB4
[silk_overlap]: Silkscreen clearance
    Rule: board setup constraints silk; warning
    @(102.2800 mm, 103.2982 mm): Reference field of TP2
    @(101.5850 mm, 102.2950 mm): Reference field of D1
[silk_overlap]: Silkscreen clearance
    Rule: board setup constraints silk; warning
    @(123.5450 mm, 109.4875 mm): Reference field of C104
    @(121.3100 mm, 108.4350 mm): Reference field of C121
[silk_overlap]: Silkscreen clearance
    Rule: board setup constraints silk; warning
    @(122.8250 mm, 111.4275 mm): Reference field of R189
    @(121.0487 mm, 110.8500 mm): Segment of C121 on F.Silkscreen
[silk_overlap]: Silkscreen clearance
    Rule: board setup constraints silk; warning
    @(118.8950 mm, 114.4875 mm): Reference field of C103
    @(121.2975 mm, 113.7382 mm): Reference field of TP21
[silk_overlap]: Silkscreen clearance
    Rule: board setup constraints silk; warning
    @(121.2975 mm, 113.7382 mm): Reference field of TP21
    @(122.5877 mm, 113.3800 mm): Segment of R189 on F.Silkscreen
[silk_overlap]: Silkscreen clearance
    Rule: board setup constraints silk; warning
    @(118.1750 mm, 113.7275 mm): Reference field of R202
    @(121.2975 mm, 113.7382 mm): Reference field of TP21
[silk_overlap]: Silkscreen clearance
    Rule: board setup constraints silk; warning
    @(118.8950 mm, 114.4875 mm): Reference field of C103
    @(121.2975 mm, 115.3862 mm): Circle of TP21 on F.Silkscreen
[silk_overlap]: Silkscreen clearance
    Rule: board setup constraints silk; warning
    @(119.1750 mm, 116.4275 mm): Reference field of R188
    @(121.2975 mm, 115.3862 mm): Circle of TP21 on F.Silkscreen
[silk_overlap]: Silkscreen clearance
    Rule: board setup constraints silk; warning
    @(124.8250 mm, 118.5775 mm): Reference field of R196
    @(123.0450 mm, 116.7075 mm): Reference field of C112
[silk_overlap]: Silkscreen clearance
    Rule: board setup constraints silk; warning
    @(118.1750 mm, 113.7275 mm): Reference field of R202
    @(119.0356 mm, 113.5675 mm): Segment of C103 on F.Silkscreen
[silk_overlap]: Silkscreen clearance
    Rule: board setup constraints silk; warning
    @(118.8950 mm, 114.4875 mm): Reference field of C103
    @(117.9377 mm, 114.6350 mm): Segment of R202 on F.Silkscreen
[silk_overlap]: Silkscreen clearance
    Rule: board setup constraints silk; warning
    @(56.1250 mm, 115.6850 mm): Segment of D19 on F.Silkscreen
    @(55.5250 mm, 115.6150 mm): Reference field of C61
[silk_overlap]: Silkscreen clearance
    Rule: board setup constraints silk; warning
    @(56.1250 mm, 113.6850 mm): Segment of D19 on F.Silkscreen
    @(55.5250 mm, 115.6150 mm): Reference field of C61
[silk_overlap]: Silkscreen clearance
    Rule: board setup constraints silk; warning
    @(67.2950 mm, 113.6850 mm): Segment of D22 on F.Silkscreen
    @(66.7750 mm, 114.0550 mm): Reference field of C56
[silk_overlap]: Silkscreen clearance
    Rule: board setup constraints silk; warning
    @(64.1250 mm, 118.0550 mm): Reference field of C55
    @(64.3950 mm, 119.1950 mm): Reference field of R79
[silk_overlap]: Silkscreen clearance
    Rule: board setup constraints silk; warning
    @(58.4850 mm, 112.6850 mm): Reference field of D19
    @(58.1250 mm, 112.4750 mm): Reference field of R71
[silk_overlap]: Silkscreen clearance
    Rule: board setup constraints silk; warning
    @(50.9377 mm, 120.8675 mm): Segment of R88 on F.Silkscreen
    @(50.3950 mm, 121.4750 mm): Reference field of D24
[silk_overlap]: Silkscreen clearance
    Rule: board setup constraints silk; warning
    @(51.1750 mm, 118.9150 mm): Reference field of R88
    @(49.7850 mm, 118.4750 mm): Reference field of D25
[silk_overlap]: Silkscreen clearance
    Rule: board setup constraints silk; warning
    @(50.0450 mm, 117.1950 mm): Reference field of R80
    @(51.1750 mm, 118.9150 mm): Reference field of R88
[silk_overlap]: Silkscreen clearance
    Rule: board setup constraints silk; warning
    @(50.0450 mm, 117.1950 mm): Reference field of R80
    @(49.7850 mm, 118.4750 mm): Reference field of D25
[silk_overlap]: Silkscreen clearance
    Rule: board setup constraints silk; warning
    @(48.3994 mm, 111.4950 mm): Segment of C8 on F.Silkscreen
    @(50.5250 mm, 111.7650 mm): Reference field of R77
[silk_overlap]: Silkscreen clearance
    Rule: board setup constraints silk; warning
    @(50.9350 mm, 103.0450 mm): Polygon of U18 on F.Silkscreen
    @(50.7450 mm, 103.7350 mm): Reference field of C8
[silk_overlap]: Silkscreen clearance
    Rule: board setup constraints silk; warning
    @(59.1750 mm, 125.4750 mm): Reference field of C62
    @(57.1750 mm, 125.7650 mm): Reference field of R78
[silk_overlap]: Silkscreen clearance
    Rule: board setup constraints silk; warning
    @(131.7950 mm, 108.5050 mm): Segment of U26 on F.Silkscreen
    @(130.8450 mm, 108.6275 mm): Reference field of C106
[silk_overlap]: Silkscreen clearance
    Rule: board setup constraints silk; warning
    @(129.7350 mm, 102.5450 mm): Reference field of U26
    @(130.4000 mm, 102.7950 mm): Reference field of C96
[silk_overlap]: Silkscreen clearance
    Rule: board setup constraints silk; warning
    @(126.1750 mm, 120.5775 mm): Reference field of R195
    @(124.5877 mm, 120.5300 mm): Segment of R196 on F.Silkscreen
[silk_overlap]: Silkscreen clearance
    Rule: board setup constraints silk; warning
    @(127.1250 mm, 112.2775 mm): Reference field of C115
    @(126.7750 mm, 112.2875 mm): Reference field of R192
[silk_overlap]: Silkscreen clearance
    Rule: board setup constraints silk; warning
    @(133.7650 mm, 114.0575 mm): Reference field of C105
    @(132.9050 mm, 114.0075 mm): Reference field of R197
[silk_overlap]: Silkscreen clearance
    Rule: board setup constraints silk; warning
    @(127.8250 mm, 114.2775 mm): Reference field of C111
    @(126.9844 mm, 114.2175 mm): Segment of C115 on F.Silkscreen
[silk_overlap]: Silkscreen clearance
    Rule: board setup constraints silk; warning
    @(128.1300 mm, 119.7950 mm): Reference field of C114
    @(126.1750 mm, 120.5775 mm): Reference field of R195
[silk_overlap]: Silkscreen clearance
    Rule: board setup constraints silk; warning
    @(125.9377 mm, 122.5300 mm): Segment of R195 on F.Silkscreen
    @(124.4750 mm, 122.7450 mm): Reference field of R193
[silk_overlap]: Silkscreen clearance
    Rule: board setup constraints silk; warning
    @(76.0450 mm, 112.6850 mm): Reference field of D23
    @(74.9450 mm, 111.1950 mm): Reference field of R86
[silk_overlap]: Silkscreen clearance
    Rule: board setup constraints silk; warning
    @(67.3450 mm, 122.0450 mm): Reference field of R72
    @(67.5050 mm, 124.1950 mm): Reference field of R84
[silk_overlap]: Silkscreen clearance
    Rule: board setup constraints silk; warning
    @(62.8750 mm, 108.6850 mm): Reference field of D20
    @(61.9050 mm, 106.6850 mm): Segment of D21 on F.Silkscreen
[silk_overlap]: Silkscreen clearance
    Rule: board setup constraints silk; warning
    @(61.9050 mm, 108.6850 mm): Segment of D21 on F.Silkscreen
    @(62.8750 mm, 108.6850 mm): Reference field of D20
[silk_overlap]: Silkscreen clearance
    Rule: board setup constraints silk; warning
    @(68.9950 mm, 111.1950 mm): Reference field of R83
    @(70.0750 mm, 109.4750 mm): Reference field of R74
[silk_overlap]: Silkscreen clearance
    Rule: board setup constraints silk; warning
    @(69.6550 mm, 112.6850 mm): Reference field of D22
    @(67.4250 mm, 112.4750 mm): Reference field of R73
[silk_overlap]: Silkscreen clearance
    Rule: board setup constraints silk; warning
    @(69.6550 mm, 112.6850 mm): Reference field of D22
    @(68.9950 mm, 111.1950 mm): Reference field of R83
[silk_overlap]: Silkscreen clearance
    Rule: board setup constraints silk; warning
    @(69.6450 mm, 115.6250 mm): Reference field of C58
    @(67.2950 mm, 115.6850 mm): Segment of D22 on F.Silkscreen
[silk_overlap]: Silkscreen clearance
    Rule: board setup constraints silk; warning
    @(67.4250 mm, 112.4750 mm): Reference field of R73
    @(68.9950 mm, 111.1950 mm): Reference field of R83
[silk_overlap]: Silkscreen clearance
    Rule: board setup constraints silk; warning
    @(66.7750 mm, 114.0550 mm): Reference field of C56
    @(67.4250 mm, 112.4750 mm): Reference field of R73
[silk_overlap]: Silkscreen clearance
    Rule: board setup constraints silk; warning
    @(68.1750 mm, 64.9050 mm): Reference field of R205
    @(70.1750 mm, 63.7950 mm): Reference field of R207
[silk_overlap]: Silkscreen clearance
    Rule: board setup constraints silk; warning
    @(68.4123 mm, 63.9975 mm): Segment of R205 on F.Silkscreen
    @(70.1750 mm, 63.7950 mm): Reference field of R207
[silk_overlap]: Silkscreen clearance
    Rule: board setup constraints silk; warning
    @(68.1750 mm, 64.9050 mm): Reference field of R205
    @(65.0800 mm, 64.7700 mm): Reference field of C14
[silk_overlap]: Silkscreen clearance
    Rule: board setup constraints silk; warning
    @(45.9900 mm, 54.0000 mm): Segment of J9 on F.Silkscreen
    @(45.7950 mm, 78.3750 mm): Reference field of RN1
[silk_overlap]: Silkscreen clearance
    Rule: board setup constraints silk; warning
    @(75.4123 mm, 43.0025 mm): Segment of R13 on F.Silkscreen
    @(74.3750 mm, 42.9550 mm): Reference field of R14
[silk_overlap]: Silkscreen clearance
    Rule: board setup constraints silk; warning
    @(75.1750 mm, 44.9550 mm): Reference field of R13
    @(74.5900 mm, 45.2900 mm): Segment of L1 on F.Silkscreen
[silk_overlap]: Silkscreen clearance
    Rule: board setup constraints silk; warning
    @(68.2950 mm, 76.6050 mm): Reference field of SW1
    @(67.1950 mm, 71.0850 mm): Segment of J20 on F.Silkscreen
[silk_overlap]: Silkscreen clearance
    Rule: board setup constraints silk; warning
    @(77.4850 mm, 76.6050 mm): Reference field of SW2
    @(76.9900 mm, 74.7750 mm): Reference field of R10
[silk_overlap]: Silkscreen clearance
    Rule: board setup constraints silk; warning
    @(87.6775 mm, 76.9582 mm): Reference field of TP7
    @(86.2950 mm, 76.3450 mm): Reference field of U2
[silk_overlap]: Silkscreen clearance
    Rule: board setup constraints silk; warning
    @(81.8600 mm, 74.3450 mm): Reference field of R12
    @(80.6400 mm, 74.7750 mm): Reference field of R11
[silk_overlap]: Silkscreen clearance
    Rule: board setup constraints silk; warning
    @(74.1500 mm, 65.4400 mm): Reference field of Y1
    @(74.2500 mm, 65.7000 mm): Reference field of R16
[silk_overlap]: Silkscreen clearance
    Rule: board setup constraints silk; warning
    @(74.5500 mm, 69.8400 mm): Reference field of C28
    @(72.0900 mm, 69.6000 mm): Segment of Y1 on F.Silkscreen
[silk_overlap]: Silkscreen clearance
    Rule: board setup constraints silk; warning
    @(71.6050 mm, 68.7250 mm): Reference field of R209
    @(72.0900 mm, 69.6000 mm): Segment of Y1 on F.Silkscreen
[silk_overlap]: Silkscreen clearance
    Rule: board setup constraints silk; warning
    @(72.0900 mm, 66.1800 mm): Segment of Y1 on F.Silkscreen
    @(71.6050 mm, 68.7250 mm): Reference field of R209
[silk_overlap]: Silkscreen clearance
    Rule: board setup constraints silk; warning
    @(74.1500 mm, 65.4400 mm): Reference field of Y1
    @(74.4873 mm, 64.7925 mm): Segment of R16 on F.Silkscreen
[silk_overlap]: Silkscreen clearance
    Rule: board setup constraints silk; warning
    @(152.0850 mm, 194.2656 mm): Segment of C130 on F.Silkscreen
    @(151.8450 mm, 193.9450 mm): Reference field of C131
[silk_overlap]: Silkscreen clearance
    Rule: board setup constraints silk; warning
    @(134.2325 mm, 222.2282 mm): Reference field of TP16
    @(133.0400 mm, 220.8762 mm): Circle of TP15 on F.Silkscreen
[silk_overlap]: Silkscreen clearance
    Rule: board setup constraints silk; warning
    @(119.6250 mm, 219.6350 mm): Reference field of Q16
    @(121.5250 mm, 218.8350 mm): Reference field of Q14
[silk_overlap]: Silkscreen clearance
    Rule: board setup constraints silk; warning
    @(120.7650 mm, 219.6750 mm): Segment of Q14 on F.Silkscreen
    @(119.6250 mm, 219.6350 mm): Reference field of Q16
[silk_overlap]: Silkscreen clearance
    Rule: board setup constraints silk; warning
    @(133.0400 mm, 219.2282 mm): Reference field of TP15
    @(132.3544 mm, 218.8650 mm): Segment of C36 on F.Silkscreen
[silk_overlap]: Silkscreen clearance
    Rule: board setup constraints silk; warning
    @(123.8850 mm, 210.5050 mm): Segment of U20 on F.Silkscreen
    @(123.8650 mm, 208.7450 mm): Reference field of Q11
[silk_overlap]: Silkscreen clearance
    Rule: board setup constraints silk; warning
    @(118.8650 mm, 216.6750 mm): Segment of Q16 on F.Silkscreen
    @(119.9750 mm, 215.7250 mm): Reference field of Q18
[silk_overlap]: Silkscreen clearance
    Rule: board setup constraints silk; warning
    @(119.9750 mm, 215.7250 mm): Reference field of Q18
    @(118.8650 mm, 215.6750 mm): Segment of Q16 on F.Silkscreen
[silk_overlap]: Silkscreen clearance
    Rule: board setup constraints silk; warning
    @(120.3850 mm, 218.7950 mm): Segment of Q16 on F.Silkscreen
    @(121.5250 mm, 218.8350 mm): Reference field of Q14
[silk_overlap]: Silkscreen clearance
    Rule: board setup constraints silk; warning
    @(146.6350 mm, 201.4850 mm): Segment of JP2 on F.Silkscreen
    @(147.7250 mm, 204.5250 mm): Reference field of R211
[silk_overlap]: Silkscreen clearance
    Rule: board setup constraints silk; warning
    @(147.7250 mm, 204.5250 mm): Reference field of R211
    @(146.6350 mm, 204.1350 mm): Segment of JP2 on F.Silkscreen
[silk_overlap]: Silkscreen clearance
    Rule: board setup constraints silk; warning
    @(148.0150 mm, 197.8350 mm): Reference field of JP2
    @(148.3600 mm, 197.5100 mm): Segment of U32 on F.Silkscreen
[silk_overlap]: Silkscreen clearance
    Rule: board setup constraints silk; warning
    @(148.0150 mm, 197.8350 mm): Reference field of JP2
    @(148.3600 mm, 196.0050 mm): Segment of U32 on F.Silkscreen
[silk_overlap]: Silkscreen clearance
    Rule: board setup constraints silk; warning
    @(147.3623 mm, 241.2525 mm): Segment of R31 on F.Silkscreen
    @(146.8250 mm, 241.2050 mm): Reference field of R29
[silk_overlap]: Silkscreen clearance
    Rule: board setup constraints silk; warning
    @(66.7750 mm, 240.3450 mm): Reference field of R129
    @(66.5377 mm, 239.7475 mm): Segment of R99 on F.Silkscreen
[silk_overlap]: Silkscreen clearance
    Rule: board setup constraints silk; warning
    @(62.6050 mm, 221.5950 mm): Reference field of C86
    @(62.3950 mm, 222.5950 mm): Reference field of C87
[silk_overlap]: Silkscreen clearance
    Rule: board setup constraints silk; warning
    @(85.7450 mm, 223.7150 mm): Reference field of R109
    @(83.5250 mm, 225.9950 mm): Reference field of R100
[silk_overlap]: Silkscreen clearance
    Rule: board setup constraints silk; warning
    @(62.1750 mm, 226.4000 mm): Segment of J2 on F.Silkscreen
    @(83.5250 mm, 225.9950 mm): Reference field of R100
[silk_overlap]: Silkscreen clearance
    Rule: board setup constraints silk; warning
    @(62.1750 mm, 226.4000 mm): Segment of J2 on F.Silkscreen
    @(90.5250 mm, 226.2950 mm): Reference field of R116
[silk_overlap]: Silkscreen clearance
    Rule: board setup constraints silk; warning
    @(111.5050 mm, 227.8650 mm): Reference field of R123
    @(111.8700 mm, 227.4050 mm): Segment of J1 on F.Silkscreen
[silk_overlap]: Silkscreen clearance
    Rule: board setup constraints silk; warning
    @(111.8700 mm, 236.6300 mm): Segment of J1 on F.Silkscreen
    @(111.5050 mm, 227.8650 mm): Reference field of R123
[silk_overlap]: Silkscreen clearance
    Rule: board setup constraints silk; warning
    @(111.9550 mm, 232.4450 mm): Reference field of C37
    @(111.8700 mm, 236.6300 mm): Segment of J1 on F.Silkscreen
[silk_overlap]: Silkscreen clearance
    Rule: board setup constraints silk; warning
    @(69.7750 mm, 242.6450 mm): Reference field of R143
    @(68.9950 mm, 240.7750 mm): Reference field of R130
[silk_overlap]: Silkscreen clearance
    Rule: board setup constraints silk; warning
    @(68.9950 mm, 240.7750 mm): Reference field of R130
    @(66.7750 mm, 240.3450 mm): Reference field of R129
[silk_overlap]: Silkscreen clearance
    Rule: board setup constraints silk; warning
    @(104.3450 mm, 223.8650 mm): Reference field of R121
    @(104.5550 mm, 223.8650 mm): Reference field of R120
[silk_overlap]: Silkscreen clearance
    Rule: board setup constraints silk; warning
    @(104.5550 mm, 223.8650 mm): Reference field of R120
    @(106.4250 mm, 221.9950 mm): Reference field of R106
[silk_overlap]: Silkscreen clearance
    Rule: board setup constraints silk; warning
    @(104.3450 mm, 223.8650 mm): Reference field of R121
    @(106.4250 mm, 221.9950 mm): Reference field of R106
[silk_overlap]: Silkscreen clearance
    Rule: board setup constraints silk; warning
    @(93.8250 mm, 223.1350 mm): Reference field of R102
    @(93.0450 mm, 221.7150 mm): Reference field of R111
[silk_overlap]: Silkscreen clearance
    Rule: board setup constraints silk; warning
    @(93.8250 mm, 223.1350 mm): Reference field of R102
    @(90.8250 mm, 223.1450 mm): Reference field of R110
[silk_overlap]: Silkscreen clearance
    Rule: board setup constraints silk; warning
    @(90.8250 mm, 223.1450 mm): Reference field of R110
    @(93.0450 mm, 221.7150 mm): Reference field of R111
[silk_overlap]: Silkscreen clearance
    Rule: board setup constraints silk; warning
    @(99.6450 mm, 220.2650 mm): Reference field of C75
    @(98.4250 mm, 221.2950 mm): Reference field of R122
[silk_overlap]: Silkscreen clearance
    Rule: board setup constraints silk; warning
    @(97.0450 mm, 223.5650 mm): Reference field of R103
    @(98.4250 mm, 221.2950 mm): Reference field of R122
[silk_overlap]: Silkscreen clearance
    Rule: board setup constraints silk; warning
    @(102.5550 mm, 213.5650 mm): Reference field of R104
    @(102.1250 mm, 215.2850 mm): Reference field of R112
[silk_overlap]: Silkscreen clearance
    Rule: board setup constraints silk; warning
    @(97.8250 mm, 218.6950 mm): Reference field of C69
    @(99.6450 mm, 220.2650 mm): Reference field of C75
[silk_overlap]: Silkscreen clearance
    Rule: board setup constraints silk; warning
    @(104.6450 mm, 217.4150 mm): Reference field of C83
    @(104.5050 mm, 219.5650 mm): Reference field of R107
[silk_overlap]: Silkscreen clearance
    Rule: board setup constraints silk; warning
    @(107.7750 mm, 214.9950 mm): Reference field of R105
    @(109.4250 mm, 214.8350 mm): Reference field of C73
[silk_overlap]: Silkscreen clearance
    Rule: board setup constraints silk; warning
    @(90.2377 mm, 218.3425 mm): Segment of R119 on F.Silkscreen
    @(91.5250 mm, 217.8450 mm): Reference field of C76
[silk_overlap]: Silkscreen clearance
    Rule: board setup constraints silk; warning
    @(90.4750 mm, 217.4350 mm): Reference field of R119
    @(91.5250 mm, 217.8450 mm): Reference field of C76
[silk_overlap]: Silkscreen clearance
    Rule: board setup constraints silk; warning
    @(90.4750 mm, 217.4350 mm): Reference field of R119
    @(91.6656 mm, 216.9250 mm): Segment of C76 on F.Silkscreen
[silk_overlap]: Silkscreen clearance
    Rule: board setup constraints silk; warning
    @(128.5250 mm, 188.8950 mm): Reference field of C127
    @(128.8250 mm, 188.5550 mm): Reference field of R210
[silk_overlap]: Silkscreen clearance
    Rule: board setup constraints silk; warning
    @(128.8250 mm, 188.5550 mm): Reference field of R210
    @(131.0450 mm, 188.1250 mm): Reference field of R212
[silk_overlap]: Silkscreen clearance
    Rule: board setup constraints silk; warning
    @(102.1250 mm, 189.3550 mm): Reference field of R156
    @(104.1250 mm, 188.6450 mm): Reference field of R163
[silk_overlap]: Silkscreen clearance
    Rule: board setup constraints silk; warning
    @(102.1250 mm, 189.3550 mm): Reference field of R156
    @(103.8877 mm, 189.5525 mm): Segment of R163 on F.Silkscreen
[silk_overlap]: Silkscreen clearance
    Rule: board setup constraints silk; warning
    @(102.1250 mm, 189.3550 mm): Reference field of R156
    @(101.8550 mm, 191.2250 mm): Reference field of R172
[silk_overlap]: Silkscreen clearance
    Rule: board setup constraints silk; warning
    @(122.1750 mm, 225.8750 mm): Reference field of C38
    @(113.7750 mm, 226.4000 mm): Segment of J1 on F.Silkscreen
[silk_overlap]: Silkscreen clearance
    Rule: board setup constraints silk; warning
    @(128.8475 mm, 221.8762 mm): Circle of TP14 on F.Silkscreen
    @(127.0750 mm, 220.6350 mm): Reference field of Q15
[silk_overlap]: Silkscreen clearance
    Rule: board setup constraints silk; warning
    @(128.8475 mm, 220.2282 mm): Reference field of TP14
    @(127.0750 mm, 220.6350 mm): Reference field of Q15
[silk_overlap]: Silkscreen clearance
    Rule: board setup constraints silk; warning
    @(127.8350 mm, 219.7950 mm): Segment of Q15 on F.Silkscreen
    @(128.8475 mm, 220.2282 mm): Reference field of TP14
[silk_overlap]: Silkscreen clearance
    Rule: board setup constraints silk; warning
    @(103.4250 mm, 191.4950 mm): Reference field of R158
    @(101.8550 mm, 191.2250 mm): Reference field of R172
[silk_overlap]: Silkscreen clearance
    Rule: board setup constraints silk; warning
    @(100.4750 mm, 209.6950 mm): Reference field of C70
    @(101.1250 mm, 208.8350 mm): Reference field of C71
[silk_overlap]: Silkscreen clearance
    Rule: board setup constraints silk; warning
    @(100.9844 mm, 209.7550 mm): Segment of C71 on F.Silkscreen
    @(100.4750 mm, 209.6950 mm): Reference field of C70
[silk_overlap]: Silkscreen clearance
    Rule: board setup constraints silk; warning
    @(97.8250 mm, 218.6950 mm): Reference field of C69
    @(96.6050 mm, 217.2650 mm): Reference field of C68
[silk_overlap]: Silkscreen clearance
    Rule: board setup constraints silk; warning
    @(95.1250 mm, 189.6550 mm): Reference field of R170
    @(93.8250 mm, 188.6450 mm): Reference field of R161
[silk_overlap]: Silkscreen clearance
    Rule: board setup constraints silk; warning
    @(95.1250 mm, 189.6550 mm): Reference field of R170
    @(93.5877 mm, 189.5525 mm): Segment of R161 on F.Silkscreen
[silk_overlap]: Silkscreen clearance
    Rule: board setup constraints silk; warning
    @(95.3623 mm, 188.7475 mm): Segment of R170 on F.Silkscreen
    @(93.8250 mm, 188.6450 mm): Reference field of R161
[silk_overlap]: Silkscreen clearance
    Rule: board setup constraints silk; warning
    @(95.9050 mm, 192.7750 mm): Reference field of R148
    @(96.3450 mm, 191.2250 mm): Reference field of R171
[silk_overlap]: Silkscreen clearance
    Rule: board setup constraints silk; warning
    @(95.1250 mm, 189.6550 mm): Reference field of R170
    @(96.3450 mm, 191.2250 mm): Reference field of R171
[silk_overlap]: Silkscreen clearance
    Rule: board setup constraints silk; warning
    @(102.3623 mm, 188.4475 mm): Segment of R156 on F.Silkscreen
    @(104.1250 mm, 188.6450 mm): Reference field of R163
[silk_overlap]: Silkscreen clearance
    Rule: board setup constraints silk; warning
    @(91.0950 mm, 192.7750 mm): Reference field of R145
    @(89.1750 mm, 192.6550 mm): Reference field of R167
[silk_overlap]: Silkscreen clearance
    Rule: board setup constraints silk; warning
    @(89.1750 mm, 192.6550 mm): Reference field of R167
    @(88.8250 mm, 192.4950 mm): Reference field of R154
[silk_overlap]: Silkscreen clearance
    Rule: board setup constraints silk; warning
    @(91.0950 mm, 192.7750 mm): Reference field of R145
    @(88.8250 mm, 192.4950 mm): Reference field of R154
[silk_overlap]: Silkscreen clearance
    Rule: board setup constraints silk; warning
    @(90.4750 mm, 190.6550 mm): Reference field of R169
    @(91.0950 mm, 192.7750 mm): Reference field of R145
[silk_overlap]: Silkscreen clearance
    Rule: board setup constraints silk; warning
    @(90.4750 mm, 190.6550 mm): Reference field of R169
    @(89.4123 mm, 190.7025 mm): Segment of R167 on F.Silkscreen
[silk_overlap]: Silkscreen clearance
    Rule: board setup constraints silk; warning
    @(68.9950 mm, 184.7475 mm): Reference field of R67
    @(66.3675 mm, 186.0450 mm): Segment of D13 on F.Silkscreen
[silk_overlap]: Silkscreen clearance
    Rule: board setup constraints silk; warning
    @(68.9950 mm, 184.7475 mm): Reference field of R67
    @(68.3675 mm, 186.0450 mm): Segment of D13 on F.Silkscreen
[silk_overlap]: Silkscreen clearance
    Rule: board setup constraints silk; warning
    @(76.2950 mm, 215.5950 mm): Reference field of R144
    @(75.5050 mm, 214.5950 mm): Reference field of C92
[silk_overlap]: Silkscreen clearance
    Rule: board setup constraints silk; warning
    @(52.5250 mm, 249.5050 mm): Reference field of R138
    @(50.7450 mm, 251.0750 mm): Reference field of R139
[silk_overlap]: Silkscreen clearance
    Rule: board setup constraints silk; warning
    @(61.8250 mm, 250.2050 mm): Reference field of R126
    @(62.4750 mm, 249.6450 mm): Reference field of R141
[silk_overlap]: Silkscreen clearance
    Rule: board setup constraints silk; warning
    @(61.8250 mm, 250.2050 mm): Reference field of R126
    @(59.6050 mm, 251.9250 mm): Reference field of R132
[silk_overlap]: Silkscreen clearance
    Rule: board setup constraints silk; warning
    @(45.2400 mm, 252.5900 mm): Reference field of MH3
    @(47.0950 mm, 251.7750 mm): Reference field of R124
[silk_overlap]: Silkscreen clearance
    Rule: board setup constraints silk; warning
    @(45.2400 mm, 252.5900 mm): Reference field of MH3
    @(43.0950 mm, 252.2250 mm): Reference field of R94
[silk_overlap]: Silkscreen clearance
    Rule: board setup constraints silk; warning
    @(45.2400 mm, 252.5900 mm): Reference field of MH3
    @(44.0025 mm, 252.4623 mm): Segment of R94 on F.Silkscreen
[silk_overlap]: Silkscreen clearance
    Rule: board setup constraints silk; warning
    @(45.2400 mm, 252.5900 mm): Reference field of MH3
    @(45.0475 mm, 252.4623 mm): Segment of R94 on F.Silkscreen
[silk_overlap]: Silkscreen clearance
    Rule: board setup constraints silk; warning
    @(62.4750 mm, 249.6450 mm): Reference field of R141
    @(62.0623 mm, 249.2975 mm): Segment of R126 on F.Silkscreen
[silk_overlap]: Silkscreen clearance
    Rule: board setup constraints silk; warning
    @(61.8250 mm, 250.2050 mm): Reference field of R126
    @(62.2377 mm, 250.5525 mm): Segment of R141 on F.Silkscreen
[silk_overlap]: Silkscreen clearance
    Rule: board setup constraints silk; warning
    @(64.5550 mm, 239.7750 mm): Reference field of R128
    @(66.7750 mm, 240.3450 mm): Reference field of R129
[silk_overlap]: Silkscreen clearance
    Rule: board setup constraints silk; warning
    @(143.5550 mm, 244.7750 mm): Reference field of R35
    @(143.2850 mm, 248.9050 mm): Segment of U31 on F.Silkscreen
[silk_overlap]: Silkscreen clearance
    Rule: board setup constraints silk; warning
    @(143.5550 mm, 244.7750 mm): Reference field of R35
    @(143.2850 mm, 244.7850 mm): Segment of U31 on F.Silkscreen
[silk_overlap]: Silkscreen clearance
    Rule: board setup constraints silk; warning
    @(126.5250 mm, 239.5050 mm): Reference field of R37
    @(124.7450 mm, 241.0750 mm): Reference field of R38
[silk_overlap]: Silkscreen clearance
    Rule: board setup constraints silk; warning
    @(129.7300 mm, 237.7200 mm): Reference field of J1
    @(130.6050 mm, 238.9250 mm): Reference field of R33
[silk_overlap]: Silkscreen clearance
    Rule: board setup constraints silk; warning
    @(143.8250 mm, 236.6450 mm): Reference field of R39
    @(147.5900 mm, 236.6300 mm): Segment of J1 on F.Silkscreen
[silk_overlap]: Silkscreen clearance
    Rule: board setup constraints silk; warning
    @(146.3700 mm, 236.0300 mm): Segment of J1 on F.Silkscreen
    @(143.8250 mm, 236.6450 mm): Reference field of R39
[silk_overlap]: Silkscreen clearance
    Rule: board setup constraints silk; warning
    @(144.7700 mm, 236.0300 mm): Segment of J1 on F.Silkscreen
    @(143.8250 mm, 236.6450 mm): Reference field of R39
[silk_overlap]: Silkscreen clearance
    Rule: board setup constraints silk; warning
    @(133.3950 mm, 242.9250 mm): Reference field of R34
    @(132.9975 mm, 243.3123 mm): Segment of R40 on F.Silkscreen
[silk_overlap]: Silkscreen clearance
    Rule: board setup constraints silk; warning
    @(96.1750 mm, 184.2050 mm): Reference field of R146
    @(97.2550 mm, 185.7750 mm): Reference field of R147
[silk_overlap]: Silkscreen clearance
    Rule: board setup constraints silk; warning
    @(106.7750 mm, 186.4950 mm): Reference field of R157
    @(107.5377 mm, 186.5975 mm): Segment of R164 on F.Silkscreen
[silk_overlap]: Silkscreen clearance
    Rule: board setup constraints silk; warning
    @(105.8877 mm, 184.2975 mm): Segment of R149 on F.Silkscreen
    @(107.7750 mm, 184.6450 mm): Reference field of R164
[silk_overlap]: Silkscreen clearance
    Rule: board setup constraints silk; warning
    @(52.6175 mm, 182.6850 mm): Segment of D12 on F.Silkscreen
    @(51.5250 mm, 182.1775 mm): Reference field of R61
[silk_overlap]: Silkscreen clearance
    Rule: board setup constraints silk; warning
    @(52.6175 mm, 182.6850 mm): Segment of D12 on F.Silkscreen
    @(51.5250 mm, 182.1775 mm): Reference field of R61
[silk_overlap]: Silkscreen clearance
    Rule: board setup constraints silk; warning
    @(66.5050 mm, 183.7475 mm): Reference field of R68
    @(65.3675 mm, 183.6850 mm): Reference field of D13
[silk_overlap]: Silkscreen clearance
    Rule: board setup constraints silk; warning
    @(65.3675 mm, 183.6850 mm): Reference field of D13
    @(65.5975 mm, 183.5102 mm): Segment of R68 on F.Silkscreen
[silk_overlap]: Silkscreen clearance
    Rule: board setup constraints silk; warning
    @(45.3450 mm, 192.9450 mm): Reference field of U30
    @(45.0400 mm, 158.0750 mm): Segment of J6 on F.Silkscreen
[silk_overlap]: Silkscreen clearance
    Rule: board setup constraints silk; warning
    @(48.5250 mm, 172.1675 mm): Reference field of R51
    @(47.0350 mm, 171.8775 mm): Segment of D17 on F.Silkscreen
[silk_overlap]: Silkscreen clearance
    Rule: board setup constraints silk; warning
    @(57.4750 mm, 179.0175 mm): Reference field of R44
    @(57.2975 mm, 177.7862 mm): Circle of TP18 on F.Silkscreen
[silk_overlap]: Silkscreen clearance
    Rule: board setup constraints silk; warning
    @(61.8250 mm, 178.1675 mm): Reference field of R53
    @(61.6050 mm, 176.5975 mm): Reference field of R52
[silk_overlap]: Silkscreen clearance
    Rule: board setup constraints silk; warning
    @(61.8250 mm, 178.1675 mm): Reference field of R53
    @(62.9950 mm, 179.4475 mm): Reference field of R47
[silk_overlap]: Silkscreen clearance
    Rule: board setup constraints silk; warning
    @(57.6950 mm, 171.4475 mm): Reference field of R45
    @(56.9550 mm, 173.4475 mm): Reference field of C49
[silk_overlap]: Silkscreen clearance
    Rule: board setup constraints silk; warning
    @(86.8250 mm, 197.8050 mm): Reference field of R175
    @(84.6050 mm, 197.3750 mm): Reference field of R174
[silk_overlap]: Silkscreen clearance
    Rule: board setup constraints silk; warning
    @(85.8250 mm, 192.6550 mm): Reference field of R168
    @(86.6050 mm, 193.9250 mm): Reference field of R153
[silk_overlap]: Silkscreen clearance
    Rule: board setup constraints silk; warning
    @(88.8250 mm, 192.4950 mm): Reference field of R154
    @(86.6050 mm, 193.9250 mm): Reference field of R153
[silk_overlap]: Silkscreen clearance
    Rule: board setup constraints silk; warning
    @(85.8250 mm, 192.6550 mm): Reference field of R168
    @(88.8250 mm, 192.4950 mm): Reference field of R154
[silk_overlap]: Silkscreen clearance
    Rule: board setup constraints silk; warning
    @(85.8250 mm, 192.6550 mm): Reference field of R168
    @(89.1750 mm, 192.6550 mm): Reference field of R167
[silk_overlap]: Silkscreen clearance
    Rule: board setup constraints silk; warning
    @(75.2950 mm, 184.4475 mm): Reference field of R49
    @(74.8975 mm, 183.6848 mm): Segment of R50 on F.Silkscreen
[silk_overlap]: Silkscreen clearance
    Rule: board setup constraints silk; warning
    @(66.3675 mm, 186.0450 mm): Segment of D13 on F.Silkscreen
    @(66.5050 mm, 183.7475 mm): Reference field of R68
[silk_overlap]: Silkscreen clearance
    Rule: board setup constraints silk; warning
    @(74.7750 mm, 178.1675 mm): Reference field of R56
    @(73.2044 mm, 177.9675 mm): Segment of C46 on F.Silkscreen
[silk_overlap]: Silkscreen clearance
    Rule: board setup constraints silk; warning
    @(72.6475 mm, 183.8348 mm): Segment of R55 on F.Silkscreen
    @(72.9450 mm, 183.4475 mm): Reference field of R50
[silk_overlap]: Silkscreen clearance
    Rule: board setup constraints silk; warning
    @(70.9475 mm, 184.9848 mm): Segment of R67 on F.Silkscreen
    @(70.6950 mm, 183.5975 mm): Reference field of R55
[silk_overlap]: Silkscreen clearance
    Rule: board setup constraints silk; warning
    @(68.8250 mm, 178.4575 mm): Reference field of C43
    @(70.0450 mm, 178.8875 mm): Reference field of C44
[silk_overlap]: Silkscreen clearance
    Rule: board setup constraints silk; warning
    @(73.3450 mm, 176.0275 mm): Reference field of C46
    @(71.7875 mm, 175.6850 mm): Segment of D15 on F.Silkscreen
[silk_overlap]: Silkscreen clearance
    Rule: board setup constraints silk; warning
    @(66.3975 mm, 173.6850 mm): Segment of D14 on F.Silkscreen
    @(66.2050 mm, 173.7075 mm): Reference field of C54
[silk_overlap]: Silkscreen clearance
    Rule: board setup constraints silk; warning
    @(66.3975 mm, 173.6850 mm): Segment of D14 on F.Silkscreen
    @(66.2050 mm, 173.7075 mm): Reference field of C54
[silk_overlap]: Silkscreen clearance
    Rule: board setup constraints silk; warning
    @(78.4250 mm, 176.1675 mm): Reference field of R57
    @(77.1775 mm, 173.6850 mm): Segment of D16 on F.Silkscreen
[silk_overlap]: Silkscreen clearance
    Rule: board setup constraints silk; warning
    @(75.2650 mm, 169.4575 mm): Reference field of C45
    @(74.5975 mm, 170.6848 mm): Segment of R48 on F.Silkscreen
[silk_overlap]: Silkscreen clearance
    Rule: board setup constraints silk; warning
    @(77.1775 mm, 175.6850 mm): Segment of D16 on F.Silkscreen
    @(78.4250 mm, 176.1675 mm): Reference field of R57
[silk_overlap]: Silkscreen clearance
    Rule: board setup constraints silk; warning
    @(133.7750 mm, 119.5775 mm): Reference field of R199
    @(133.1250 mm, 119.2875 mm): Reference field of R191
[silk_over_copper]: Silkscreen clipped by solder mask
    Local override; warning
    @(123.7550 mm, 67.3450 mm): Reference field of Q4
    @(121.5350 mm, 66.1950 mm): Pad 2 [GND] of C118 on F.Cu
[silk_over_copper]: Silkscreen clipped by solder mask
    Local override; warning
    @(55.9550 mm, 77.8375 mm): Reference field of R24
    @(56.3950 mm, 77.2875 mm): Pad 2 [GND] of Q3 on F.Cu
[silk_over_copper]: Silkscreen clipped by solder mask
    Local override; warning
    @(50.3850 mm, 71.5750 mm): Reference field of RN2
    @(49.2750 mm, 70.7750 mm): Pad 3 [Net-(J9-Pin_14)] of RN3 on F.Cu
[silk_over_copper]: Silkscreen clipped by solder mask
    Local override; warning
    @(50.3850 mm, 71.5750 mm): Reference field of RN2
    @(49.2750 mm, 71.5750 mm): Pad 4 [Net-(J9-Pin_12)] of RN3 on F.Cu
[silk_over_copper]: Silkscreen clipped by solder mask
    Local override; warning
    @(50.3850 mm, 71.5750 mm): Reference field of RN2
    @(51.0750 mm, 71.5750 mm): Pad 5 [/IO bus/BA0] of RN3 on F.Cu
[silk_over_copper]: Silkscreen clipped by solder mask
    Local override; warning
    @(50.3850 mm, 71.5750 mm): Reference field of RN2
    @(51.0750 mm, 70.7750 mm): Pad 6 [/IO bus/BA1] of RN3 on F.Cu
[silk_over_copper]: Silkscreen clipped by solder mask
    Local override; warning
    @(54.9950 mm, 62.5100 mm): Reference field of C32
    @(54.3250 mm, 63.2700 mm): Pad 2 [GND] of C15 on F.Cu
[silk_over_copper]: Silkscreen clipped by solder mask
    Local override; warning
    @(118.1750 mm, 113.7275 mm): Reference field of R202
    @(118.1200 mm, 113.0575 mm): Pad 2 [GND] of C103 on F.Cu
[silk_over_copper]: Silkscreen clipped by solder mask
    Local override; warning
    @(123.5450 mm, 109.4875 mm): Reference field of C104
    @(122.2600 mm, 110.1150 mm): Pad 2 [GND] of C121 on F.Cu
[silk_over_copper]: Silkscreen clipped by solder mask
    Local override; warning
    @(121.3100 mm, 108.4350 mm): Reference field of C121
    @(122.7700 mm, 108.0575 mm): Pad 2 [Net-(U23A-+)] of C104 on F.Cu
[silk_over_copper]: Silkscreen clipped by solder mask
    Local override; warning
    @(121.2975 mm, 113.7382 mm): Reference field of TP21
    @(122.0000 mm, 112.8575 mm): Pad 1 [Net-(C104-Pad1)] of R189 on F.Cu
[silk_over_copper]: Silkscreen clipped by solder mask
    Local override; warning
    @(118.1750 mm, 113.7275 mm): Reference field of R202
    @(119.6700 mm, 113.0575 mm): Pad 1 [/Audio/AFL] of C103 on F.Cu
[silk_over_copper]: Silkscreen clipped by solder mask
    Local override; warning
    @(121.2975 mm, 113.7382 mm): Reference field of TP21
    @(119.6700 mm, 113.0575 mm): Pad 1 [/Audio/AFL] of C103 on F.Cu
[silk_over_copper]: Silkscreen clipped by solder mask
    Local override; warning
    @(118.8950 mm, 114.4875 mm): Reference field of C103
    @(119.0000 mm, 115.1575 mm): Pad 2 [/Audio/AMP_PLAY] of R202 on F.Cu
[silk_over_copper]: Silkscreen clipped by solder mask
    Local override; warning
    @(119.1750 mm, 116.4275 mm): Reference field of R188
    @(121.2975 mm, 115.3862 mm): Pad 1 [/Audio/SUB_OUT] of TP21 on F.Cu
[silk_over_copper]: Silkscreen clipped by solder mask
    Local override; warning
    @(118.8950 mm, 114.4875 mm): Reference field of C103
    @(117.3500 mm, 115.1575 mm): Pad 1 [+5V] of R202 on F.Cu
[silk_over_copper]: Silkscreen clipped by solder mask
    Local override; warning
    @(55.5250 mm, 115.6150 mm): Reference field of C61
    @(56.8350 mm, 114.6850 mm): Pad 1 [Net-(D19-K)] of D19 on F.Cu
[silk_over_copper]: Silkscreen clipped by solder mask
    Local override; warning
    @(51.1750 mm, 118.9150 mm): Reference field of R88
    @(51.4750 mm, 118.0200 mm): Pad 1 [+3V3] of R80 on F.Cu
[silk_over_copper]: Silkscreen clipped by solder mask
    Local override; warning
    @(50.7450 mm, 103.7350 mm): Reference field of C8
    @(51.5000 mm, 102.9200 mm): Pad 1 [SW_LOAD_N] of U18 on F.Cu
[silk_over_copper]: Silkscreen clipped by solder mask
    Local override; warning
    @(126.1750 mm, 120.5775 mm): Reference field of R195
    @(125.6500 mm, 120.0075 mm): Pad 2 [Net-(U26A-+)] of R196 on F.Cu
[silk_over_copper]: Silkscreen clipped by solder mask
    Local override; warning
    @(127.8250 mm, 114.2775 mm): Reference field of C111
    @(126.3500 mm, 113.7075 mm): Pad 1 [/Audio/SUB_OUT] of C115 on F.Cu
[silk_over_copper]: Silkscreen clipped by solder mask
    Local override; warning
    @(127.8250 mm, 114.2775 mm): Reference field of C111
    @(127.9000 mm, 113.7075 mm): Pad 2 [Net-(C115-Pad2)] of C115 on F.Cu
[silk_over_copper]: Silkscreen clipped by solder mask
    Local override; warning
    @(130.8450 mm, 108.6275 mm): Reference field of C106
    @(132.2100 mm, 107.8500 mm): Pad 5 [Net-(U26B-+)] of U26 on F.Cu
[silk_over_copper]: Silkscreen clipped by solder mask
    Local override; warning
    @(70.6450 mm, 98.8250 mm): Reference field of U11
    @(69.9100 mm, 99.8250 mm): Pad 11 [Net-(U10C-+)] of U10 on F.Cu
[silk_over_copper]: Silkscreen clipped by solder mask
    Local override; warning
    @(70.6450 mm, 98.8250 mm): Reference field of U11
    @(69.9100 mm, 98.5550 mm): Pad 12 [GND] of U10 on F.Cu
[silk_over_copper]: Silkscreen clipped by solder mask
    Local override; warning
    @(69.7250 mm, 123.7650 mm): Reference field of R85
    @(68.7750 mm, 122.8700 mm): Pad 1 [+4V5] of R72 on F.Cu
[silk_over_copper]: Silkscreen clipped by solder mask
    Local override; warning
    @(62.8750 mm, 108.6850 mm): Reference field of D20
    @(62.6150 mm, 107.6850 mm): Pad 1 [Net-(D21-K)] of D21 on F.Cu
[silk_over_copper]: Silkscreen clipped by solder mask
    Local override; warning
    @(69.6550 mm, 112.6850 mm): Reference field of D22
    @(70.4250 mm, 112.0200 mm): Pad 1 [+3V3] of R83 on F.Cu
[silk_over_copper]: Silkscreen clipped by solder mask
    Local override; warning
    @(70.1750 mm, 63.7950 mm): Reference field of R207
    @(69.0000 mm, 63.4750 mm): Pad 1 [RP_RS485_RX] of R205 on F.Cu
[silk_over_copper]: Silkscreen clipped by solder mask
    Local override; warning
    @(68.1750 mm, 64.9050 mm): Reference field of R205
    @(69.3500 mm, 65.2250 mm): Pad 1 [RP_RS485_TX] of R207 on F.Cu
[silk_over_copper]: Silkscreen clipped by solder mask
    Local override; warning
    @(74.3750 mm, 42.9550 mm): Reference field of R14
    @(74.3500 mm, 43.5250 mm): Pad 2 [Net-(U4-USB_DM)] of R13 on F.Cu
[silk_over_copper]: Silkscreen clipped by solder mask
    Local override; warning
    @(74.3750 mm, 42.9550 mm): Reference field of R14
    @(76.0000 mm, 43.5250 mm): Pad 1 [Net-(J19-D--PadA7)] of R13 on F.Cu
[silk_over_copper]: Silkscreen clipped by solder mask
    Local override; warning
    @(80.6400 mm, 74.7750 mm): Reference field of R11
    @(81.0350 mm, 75.7750 mm): Pad 1 [Net-(J19-CC2)] of R12 on F.Cu
[silk_over_copper]: Silkscreen clipped by solder mask
    Local override; warning
    @(74.5500 mm, 69.8400 mm): Reference field of C28
    @(75.2500 mm, 68.7400 mm): Pad 2 [GND] of Y1 on F.Cu
[silk_over_copper]: Silkscreen clipped by solder mask
    Local override; warning
    @(74.5500 mm, 69.8400 mm): Reference field of C28
    @(73.0500 mm, 68.7400 mm): Pad 1 [Net-(U4-XIN)] of Y1 on F.Cu
[silk_over_copper]: Silkscreen clipped by solder mask
    Local override; warning
    @(150.1450 mm, 187.3250 mm): Reference field of C132
    @(149.1500 mm, 189.0950 mm): Pad 14 [Net-(D27-A1)] of U32 on F.Cu
[silk_over_copper]: Silkscreen clipped by solder mask
    Local override; warning
    @(150.1450 mm, 194.1250 mm): Reference field of C130
    @(149.1500 mm, 192.9050 mm): Pad 11 [Net-(D27-A1)] of U32 on F.Cu
[silk_over_copper]: Silkscreen clipped by solder mask
    Local override; warning
    @(151.8450 mm, 193.9450 mm): Reference field of C131
    @(151.5750 mm, 194.9000 mm): Pad 1 [Net-(U32-VISOIN)] of C130 on F.Cu
[silk_over_copper]: Silkscreen clipped by solder mask
    Local override; warning
    @(150.1450 mm, 194.1250 mm): Reference field of C130
    @(149.1500 mm, 195.4450 mm): Pad 9 [GND_ISO] of U32 on F.Cu
[silk_over_copper]: Silkscreen clipped by solder mask
    Local override; warning
    @(151.8450 mm, 193.9450 mm): Reference field of C131
    @(151.5750 mm, 193.3500 mm): Pad 2 [GND_ISO] of C130 on F.Cu
[silk_over_copper]: Silkscreen clipped by solder mask
    Local override; warning
    @(150.1450 mm, 194.1250 mm): Reference field of C130
    @(149.1500 mm, 194.1750 mm): Pad 10 [Net-(U32-VISOIN)] of U32 on F.Cu
[silk_over_copper]: Silkscreen clipped by solder mask
    Local override; warning
    @(133.0400 mm, 219.2282 mm): Reference field of TP15
    @(131.7200 mm, 218.3550 mm): Pad 1 [Net-(J1-Pin_3)] of C36 on F.Cu
[silk_over_copper]: Silkscreen clipped by solder mask
    Local override; warning
    @(133.0400 mm, 219.2282 mm): Reference field of TP15
    @(133.2700 mm, 218.3550 mm): Pad 2 [GND] of C36 on F.Cu
[silk_over_copper]: Silkscreen clipped by solder mask
    Local override; warning
    @(119.9750 mm, 215.7250 mm): Reference field of Q18
    @(120.5625 mm, 216.2850 mm): Pad 2 [GND] of Q16 on F.Cu
[silk_over_copper]: Silkscreen clipped by solder mask
    Local override; warning
    @(121.5250 mm, 218.8350 mm): Reference field of Q14
    @(120.5625 mm, 218.1850 mm): Pad 1 [Net-(Q16-B)] of Q16 on F.Cu
[silk_over_copper]: Silkscreen clipped by solder mask
    Local override; warning
    @(146.8250 mm, 241.2050 mm): Reference field of R29
    @(146.3000 mm, 241.7750 mm): Pad 2 [Net-(Q13-B)] of R31 on F.Cu
[silk_over_copper]: Silkscreen clipped by solder mask
    Local override; warning
    @(146.8250 mm, 241.2050 mm): Reference field of R29
    @(147.9500 mm, 241.7750 mm): Pad 1 [Net-(U20-QC)] of R31 on F.Cu
[silk_over_copper]: Silkscreen clipped by solder mask
    Local override; warning
    @(111.9550 mm, 232.4450 mm): Reference field of C37
    @(113.8900 mm, 231.4100 mm): PTH pad 9 [Net-(J1-Pin_9)] of J1
[silk_over_copper]: Silkscreen clipped by solder mask
    Local override; warning
    @(69.7750 mm, 242.6450 mm): Reference field of R143
    @(70.4250 mm, 241.6000 mm): Pad 1 [Net-(J3-Pin_5)] of R130 on F.Cu
[silk_over_copper]: Silkscreen clipped by solder mask
    Local override; warning
    @(93.8250 mm, 223.1350 mm): Reference field of R102
    @(94.4750 mm, 222.5400 mm): Pad 1 [+4V5] of R111 on F.Cu
[silk_over_copper]: Silkscreen clipped by solder mask
    Local override; warning
    @(102.1250 mm, 215.2850 mm): Reference field of R112
    @(103.7750 mm, 214.5400 mm): Pad 2 [GND] of R113 on F.Cu
[silk_over_copper]: Silkscreen clipped by solder mask
    Local override; warning
    @(99.6450 mm, 220.2650 mm): Reference field of C75
    @(99.2500 mm, 219.8650 mm): Pad 1 [Net-(U16-D0)] of R122 on F.Cu
[silk_over_copper]: Silkscreen clipped by solder mask
    Local override; warning
    @(90.4750 mm, 217.4350 mm): Reference field of R119
    @(90.7500 mm, 216.4150 mm): Pad 2 [GND] of C76 on F.Cu
[silk_over_copper]: Silkscreen clipped by solder mask
    Local override; warning
    @(90.4750 mm, 217.4350 mm): Reference field of R119
    @(92.3000 mm, 216.4150 mm): Pad 1 [Net-(U16-D0)] of C76 on F.Cu
[silk_over_copper]: Silkscreen clipped by solder mask
    Local override; warning
    @(83.8250 mm, 218.4350 mm): Reference field of R118
    @(82.6000 mm, 217.4150 mm): Pad 2 [GND] of C78 on F.Cu
[silk_over_copper]: Silkscreen clipped by solder mask
    Local override; warning
    @(119.6250 mm, 219.6350 mm): Reference field of Q16
    @(120.5875 mm, 220.2850 mm): Pad 1 [Net-(Q14-B)] of Q14 on F.Cu
[silk_over_copper]: Silkscreen clipped by solder mask
    Local override; warning
    @(123.4250 mm, 212.2282 mm): Reference field of TP17
    @(124.5000 mm, 210.9200 mm): Pad 9 [unconnected-(U20-QH'-Pad9)] of U20 on F.Cu
[silk_over_copper]: Silkscreen clipped by solder mask
    Local override; warning
    @(123.8650 mm, 208.7450 mm): Reference field of Q11
    @(124.5000 mm, 210.9200 mm): Pad 9 [unconnected-(U20-QH'-Pad9)] of U20 on F.Cu
[silk_over_copper]: Silkscreen clipped by solder mask
    Local override; warning
    @(101.8550 mm, 191.2250 mm): Reference field of R172
    @(102.6000 mm, 192.9250 mm): Pad 1 [Net-(U15-D4)] of R158 on F.Cu
[silk_over_copper]: Silkscreen clipped by solder mask
    Local override; warning
    @(101.1250 mm, 208.8350 mm): Reference field of C71
    @(99.7000 mm, 208.2650 mm): Pad 2 [GND] of C70 on F.Cu
[silk_over_copper]: Silkscreen clipped by solder mask
    Local override; warning
    @(101.1250 mm, 208.8350 mm): Reference field of C71
    @(101.2500 mm, 208.2650 mm): Pad 1 [Net-(U17-D4)] of C70 on F.Cu
[silk_over_copper]: Silkscreen clipped by solder mask
    Local override; warning
    @(102.1250 mm, 189.3550 mm): Reference field of R156
    @(103.3000 mm, 190.0750 mm): Pad 1 [Net-(J13-Pin_8)] of R163 on F.Cu
[silk_over_copper]: Silkscreen clipped by solder mask
    Local override; warning
    @(96.6050 mm, 217.2650 mm): Reference field of C68
    @(97.0500 mm, 217.2650 mm): Pad 2 [GND] of C69 on F.Cu
[silk_over_copper]: Silkscreen clipped by solder mask
    Local override; warning
    @(102.1250 mm, 215.2850 mm): Reference field of R112
    @(101.1250 mm, 214.3900 mm): Pad 2 [GND] of R104 on F.Cu
[silk_over_copper]: Silkscreen clipped by solder mask
    Local override; warning
    @(100.4750 mm, 209.6950 mm): Reference field of C70
    @(100.3500 mm, 210.2650 mm): Pad 1 [Net-(U17-D5)] of C71 on F.Cu
[silk_over_copper]: Silkscreen clipped by solder mask
    Local override; warning
    @(100.4750 mm, 209.6950 mm): Reference field of C70
    @(101.9000 mm, 210.2650 mm): Pad 2 [GND] of C71 on F.Cu
[silk_over_copper]: Silkscreen clipped by solder mask
    Local override; warning
    @(95.1250 mm, 189.6550 mm): Reference field of R170
    @(93.0000 mm, 190.0750 mm): Pad 1 [Net-(U15-D5)] of R161 on F.Cu
[silk_over_copper]: Silkscreen clipped by solder mask
    Local override; warning
    @(93.8250 mm, 188.6450 mm): Reference field of R161
    @(94.3000 mm, 188.2250 mm): Pad 2 [Net-(U14-D2)] of R170 on F.Cu
[silk_over_copper]: Silkscreen clipped by solder mask
    Local override; warning
    @(95.1250 mm, 189.6550 mm): Reference field of R170
    @(94.6500 mm, 190.0750 mm): Pad 2 [GND] of R161 on F.Cu
[silk_over_copper]: Silkscreen clipped by solder mask
    Local override; warning
    @(90.4750 mm, 190.6550 mm): Reference field of R169
    @(88.3500 mm, 191.2250 mm): Pad 2 [GND] of R167 on F.Cu
[silk_over_copper]: Silkscreen clipped by solder mask
    Local override; warning
    @(90.4750 mm, 190.6550 mm): Reference field of R169
    @(90.0000 mm, 191.2250 mm): Pad 1 [Net-(U15-D7)] of R167 on F.Cu
[silk_over_copper]: Silkscreen clipped by solder mask
    Local override; warning
    @(52.5250 mm, 249.5050 mm): Reference field of R138
    @(52.1750 mm, 250.2500 mm): Pad 2 [Net-(U16-D6)] of R139 on F.Cu
[silk_over_copper]: Silkscreen clipped by solder mask
    Local override; warning
    @(45.2400 mm, 252.5900 mm): Reference field of MH3
    @(44.5250 mm, 253.0500 mm): Pad 1 [Net-(J2-Pin_1)] of R94 on F.Cu
[silk_over_copper]: Silkscreen clipped by solder mask
    Local override; warning
    @(62.4750 mm, 249.6450 mm): Reference field of R141
    @(62.6500 mm, 248.7750 mm): Pad 1 [+4V5] of R126 on F.Cu
[silk_over_copper]: Silkscreen clipped by solder mask
    Local override; warning
    @(62.4750 mm, 249.6450 mm): Reference field of R141
    @(61.0000 mm, 248.7750 mm): Pad 2 [Net-(J3-Pin_4)] of R126 on F.Cu
[silk_over_copper]: Silkscreen clipped by solder mask
    Local override; warning
    @(61.8250 mm, 250.2050 mm): Reference field of R126
    @(61.6500 mm, 251.0750 mm): Pad 1 [+4V5] of R141 on F.Cu
[silk_over_copper]: Silkscreen clipped by solder mask
    Local override; warning
    @(61.8250 mm, 250.2050 mm): Reference field of R126
    @(63.3000 mm, 251.0750 mm): Pad 2 [Net-(J3-Pin_9)] of R141 on F.Cu
[silk_over_copper]: Silkscreen clipped by solder mask
    Local override; warning
    @(143.5550 mm, 244.7750 mm): Reference field of R35
    @(143.9000 mm, 244.3700 mm): Pad 8 [GND] of U31 on F.Cu
[silk_over_copper]: Silkscreen clipped by solder mask
    Local override; warning
    @(139.1250 mm, 245.5050 mm): Reference field of R41
    @(138.1250 mm, 246.1000 mm): Pad 2 [Net-(J1-Pin_6)] of R36 on F.Cu
[silk_over_copper]: Silkscreen clipped by solder mask
    Local override; warning
    @(126.5250 mm, 239.5050 mm): Reference field of R37
    @(126.1750 mm, 240.2500 mm): Pad 2 [Net-(J1-Pin_7)] of R38 on F.Cu
[silk_over_copper]: Silkscreen clipped by solder mask
    Local override; warning
    @(129.7300 mm, 237.7200 mm): Reference field of J1
    @(129.1750 mm, 238.1000 mm): Pad 1 [Net-(U20-QD)] of R33 on F.Cu
[silk_over_copper]: Silkscreen clipped by solder mask
    Local override; warning
    @(134.2325 mm, 222.2282 mm): Reference field of TP16
    @(133.0400 mm, 220.8762 mm): Pad 1 [Net-(J1-Pin_3)] of TP15 on F.Cu
[silk_over_copper]: Silkscreen clipped by solder mask
    Local override; warning
    @(147.1250 mm, 243.2050 mm): Reference field of R31
    @(146.4400 mm, 244.3700 mm): Pad 6 [unconnected-(U31-QG-Pad6)] of U31 on F.Cu
[silk_over_copper]: Silkscreen clipped by solder mask
    Local override; warning
    @(147.1250 mm, 243.2050 mm): Reference field of R31
    @(147.7100 mm, 244.3700 mm): Pad 5 [unconnected-(U31-QF-Pad5)] of U31 on F.Cu
[silk_over_copper]: Silkscreen clipped by solder mask
    Local override; warning
    @(133.3950 mm, 242.9250 mm): Reference field of R34
    @(132.4750 mm, 243.9000 mm): Pad 1 [+4V5] of R40 on F.Cu
[silk_over_copper]: Silkscreen clipped by solder mask
    Local override; warning
    @(133.3950 mm, 242.9250 mm): Reference field of R34
    @(132.4750 mm, 242.2500 mm): Pad 2 [Net-(J1-Pin_8)] of R40 on F.Cu
[silk_over_copper]: Silkscreen clipped by solder mask
    Local override; warning
    @(150.1450 mm, 187.3250 mm): Reference field of C132
    @(149.1500 mm, 187.8250 mm): Pad 15 [Net-(U32-VISOIN)] of U32 on F.Cu
[silk_over_copper]: Silkscreen clipped by solder mask
    Local override; warning
    @(150.1450 mm, 187.3250 mm): Reference field of C132
    @(149.1500 mm, 186.5550 mm): Pad 16 [GND_ISO] of U32 on F.Cu
[silk_over_copper]: Silkscreen clipped by solder mask
    Local override; warning
    @(90.1750 mm, 185.6450 mm): Reference field of R160
    @(91.6500 mm, 185.0750 mm): Pad 1 [+4V5] of R162 on F.Cu
[silk_over_copper]: Silkscreen clipped by solder mask
    Local override; warning
    @(96.1750 mm, 184.2050 mm): Reference field of R146
    @(95.8250 mm, 184.9500 mm): Pad 1 [+4V5] of R147 on F.Cu
[silk_over_copper]: Silkscreen clipped by solder mask
    Local override; warning
    @(106.7750 mm, 186.4950 mm): Reference field of R157
    @(108.6000 mm, 186.0750 mm): Pad 2 [GND] of R164 on F.Cu
[silk_over_copper]: Silkscreen clipped by solder mask
    Local override; warning
    @(106.7750 mm, 186.4950 mm): Reference field of R157
    @(106.9500 mm, 186.0750 mm): Pad 1 [Net-(U15-D6)] of R164 on F.Cu
[silk_over_copper]: Silkscreen clipped by solder mask
    Local override; warning
    @(104.1250 mm, 188.6450 mm): Reference field of R163
    @(105.9500 mm, 187.9250 mm): Pad 1 [Net-(J13-Pin_6)] of R157 on F.Cu
[silk_over_copper]: Silkscreen clipped by solder mask
    Local override; warning
    @(104.1250 mm, 188.6450 mm): Reference field of R163
    @(102.9500 mm, 187.9250 mm): Pad 1 [+4V5] of R156 on F.Cu
[silk_over_copper]: Silkscreen clipped by solder mask
    Local override; warning
    @(99.9050 mm, 186.9250 mm): Reference field of R155
    @(100.6000 mm, 185.0750 mm): Pad 1 [+4V5] of R165 on F.Cu
[silk_over_copper]: Silkscreen clipped by solder mask
    Local override; warning
    @(107.7750 mm, 184.6450 mm): Reference field of R164
    @(106.9500 mm, 183.7750 mm): Pad 2 [GND] of R149 on F.Cu
[silk_over_copper]: Silkscreen clipped by solder mask
    Local override; warning
    @(57.3450 mm, 183.7475 mm): Reference field of R66
    @(56.6275 mm, 183.6850 mm): Pad 2 [Net-(D12-A)] of D12 on F.Cu
[silk_over_copper]: Silkscreen clipped by solder mask
    Local override; warning
    @(65.3675 mm, 183.6850 mm): Reference field of D13
    @(65.0750 mm, 184.5725 mm): Pad 2 [GND] of R68 on F.Cu
[silk_over_copper]: Silkscreen clipped by solder mask
    Local override; warning
    @(65.3675 mm, 183.6850 mm): Reference field of D13
    @(65.0750 mm, 182.9225 mm): Pad 1 [VREF] of R68 on F.Cu
[silk_over_copper]: Silkscreen clipped by solder mask
    Local override; warning
    @(57.4750 mm, 179.0175 mm): Reference field of R44
    @(57.2975 mm, 177.7862 mm): Pad 1 [VREF] of TP18 on F.Cu
[silk_over_copper]: Silkscreen clipped by solder mask
    Local override; warning
    @(61.8250 mm, 178.1675 mm): Reference field of R53
    @(60.1750 mm, 177.4225 mm): Pad 2 [Net-(D14-A)] of R52 on F.Cu
[silk_over_copper]: Silkscreen clipped by solder mask
    Local override; warning
    @(75.2950 mm, 184.4475 mm): Reference field of R49
    @(74.3750 mm, 184.2725 mm): Pad 1 [Net-(D13-A)] of R50 on F.Cu
[silk_over_copper]: Silkscreen clipped by solder mask
    Local override; warning
    @(66.5050 mm, 183.7475 mm): Reference field of R68
    @(67.3675 mm, 185.3350 mm): Pad 1 [Net-(D13-K)] of D13 on F.Cu
[silk_over_copper]: Silkscreen clipped by solder mask
    Local override; warning
    @(62.9950 mm, 179.4475 mm): Reference field of R47
    @(62.6500 mm, 179.5975 mm): Pad 2 [Net-(U8D-+)] of R53 on F.Cu
[silk_over_copper]: Silkscreen clipped by solder mask
    Local override; warning
    @(85.8250 mm, 192.6550 mm): Reference field of R168
    @(85.1750 mm, 193.1000 mm): Pad 1 [+4V5] of R153 on F.Cu
[silk_over_copper]: Silkscreen clipped by solder mask
    Local override; warning
    @(74.7750 mm, 178.1675 mm): Reference field of R56
    @(74.1200 mm, 177.4575 mm): Pad 2 [GND] of C46 on F.Cu
[silk_over_copper]: Silkscreen clipped by solder mask
    Local override; warning
    @(72.9450 mm, 183.4475 mm): Reference field of R50
    @(72.1250 mm, 184.4225 mm): Pad 1 [+4V5] of R55 on F.Cu
[silk_over_copper]: Silkscreen clipped by solder mask
    Local override; warning
    @(72.9450 mm, 183.4475 mm): Reference field of R50
    @(72.1250 mm, 182.7725 mm): Pad 2 [Net-(D15-A)] of R55 on F.Cu
[silk_over_copper]: Silkscreen clipped by solder mask
    Local override; warning
    @(70.6950 mm, 183.5975 mm): Reference field of R55
    @(70.4250 mm, 183.9225 mm): Pad 2 [VREF] of R67 on F.Cu
[silk_over_copper]: Silkscreen clipped by solder mask
    Local override; warning
    @(68.8250 mm, 178.4575 mm): Reference field of C43
    @(69.2700 mm, 177.4575 mm): Pad 2 [GND] of C44 on F.Cu
[silk_over_copper]: Silkscreen clipped by solder mask
    Local override; warning
    @(66.2050 mm, 173.7075 mm): Reference field of C54
    @(67.1075 mm, 174.6850 mm): Pad 1 [Net-(D14-K)] of D14 on F.Cu
[silk_over_copper]: Silkscreen clipped by solder mask
    Local override; warning
    @(68.0650 mm, 164.4850 mm): Reference field of C51
    @(66.4350 mm, 165.3500 mm): Pad 11 [Net-(U8C-+)] of U8 on F.Cu
[silk_over_copper]: Silkscreen clipped by solder mask
    Local override; warning
    @(68.0650 mm, 164.4850 mm): Reference field of C51
    @(67.7050 mm, 165.3500 mm): Pad 10 [VREF] of U8 on F.Cu
[silk_over_copper]: Silkscreen clipped by solder mask
    Local override; warning
    @(68.0650 mm, 164.4850 mm): Reference field of C51
    @(68.9750 mm, 165.3500 mm): Pad 9 [Net-(U8D-+)] of U8 on F.Cu
[silk_over_copper]: Silkscreen clipped by solder mask
    Local override; warning
    @(69.6450 mm, 115.6250 mm): Reference field of C58
    @(68.0050 mm, 114.6850 mm): Pad 1 [Net-(D22-K)] of D22 on F.Cu
[silk_over_copper]: Silkscreen clipped by solder mask
    Local override; warning
    @(69.6450 mm, 115.6250 mm): Reference field of C58
    @(71.3050 mm, 114.6850 mm): Pad 2 [Net-(D22-A)] of D22 on F.Cu
[silk_over_copper]: Silkscreen clipped by solder mask
    Local override; warning
    @(76.0450 mm, 112.6850 mm): Reference field of D23
    @(76.3750 mm, 112.0200 mm): Pad 1 [+3V3] of R86 on F.Cu
[silk_over_copper]: Silkscreen clipped by solder mask
    Local override; warning
    @(68.9950 mm, 111.1950 mm): Reference field of R83
    @(68.2500 mm, 111.0450 mm): Pad 1 [Net-(D20-A)] of R73 on F.Cu
[silk_over_copper]: Silkscreen clipped by solder mask
    Local override; warning
    @(122.8250 mm, 111.4275 mm): Reference field of R189
    @(122.2600 mm, 110.1150 mm): Pad 2 [GND] of C121 on F.Cu
[silk_over_copper]: Silkscreen clipped by solder mask
    Local override; warning
    @(124.4750 mm, 122.7450 mm): Reference field of R193
    @(125.3500 mm, 122.0075 mm): Pad 1 [Net-(C112-Pad1)] of R195 on F.Cu
[silk_overlap]: Silkscreen clearance (rule 'JLC pad to silkscreen' clearance 0.1500 mm; actual 0.1400 mm)
    Rule: JLC pad to silkscreen; warning
    @(131.0275 mm, 68.8962 mm): Circle of TP19 on F.Silkscreen
    @(131.0275 mm, 68.8962 mm): Pad 1 [AUD_DAC_L] of TP19 on F.Cu
[silk_overlap]: Silkscreen clearance (rule 'JLC pad to silkscreen' clearance 0.1500 mm; actual 0.1400 mm)
    Rule: JLC pad to silkscreen; warning
    @(131.2200 mm, 64.8962 mm): Circle of TP20 on F.Silkscreen
    @(131.2200 mm, 64.8962 mm): Pad 1 [AUD_DAC_R] of TP20 on F.Cu
[silk_overlap]: Silkscreen clearance (rule 'JLC pad to silkscreen' clearance 0.1500 mm; actual 0.0166 mm)
    Rule: JLC pad to silkscreen; warning
    @(59.7450 mm, 78.2250 mm): Reference field of Q3
    @(60.8250 mm, 78.6625 mm): Pad 1 [+3V3] of R26 on F.Cu
[silk_overlap]: Silkscreen clearance (rule 'JLC pad to silkscreen' clearance 0.1500 mm; actual 0.1400 mm)
    Rule: JLC pad to silkscreen; warning
    @(59.4900 mm, 83.2962 mm): Circle of TP9 on F.Silkscreen
    @(59.4900 mm, 83.2962 mm): Pad 1 [GND] of TP9 on F.Cu
[silk_overlap]: Silkscreen clearance (rule 'JLC pad to silkscreen' clearance 0.1500 mm; actual 0.1400 mm)
    Rule: JLC pad to silkscreen; warning
    @(68.2975 mm, 86.2962 mm): Circle of TP8 on F.Silkscreen
    @(68.2975 mm, 86.2962 mm): Pad 1 [Net-(U4-RUN)] of TP8 on F.Cu
[silk_overlap]: Silkscreen clearance (rule 'JLC pad to silkscreen' clearance 0.1500 mm; actual 0.1400 mm)
    Rule: JLC pad to silkscreen; warning
    @(51.4900 mm, 82.1662 mm): Circle of TP11 on F.Silkscreen
    @(51.4900 mm, 82.1662 mm): Pad 1 [Net-(J9-Pin_13)] of TP11 on F.Cu
[silk_overlap]: Silkscreen clearance (rule 'JLC pad to silkscreen' clearance 0.1500 mm; actual 0.1356 mm)
    Rule: JLC pad to silkscreen; warning
    @(51.4900 mm, 80.5182 mm): Reference field of TP11
    @(52.2950 mm, 79.4700 mm): Pad 1 [+3V3] of R23 on F.Cu

** Found 2 unconnected pads **
[unconnected_items]: Missing connection between items
    Local override; error
    @(78.3000 mm, 57.4000 mm): Track [GI_PWM] on F.Cu, length 0.5000 mm
    @(97.8250 mm, 119.9500 mm): Track [GI_PWM] on F.Cu, length 0.0559 mm
[unconnected_items]: Missing connection between items
    Local override; error
    @(94.5200 mm, 177.2300 mm): PTH pad 1 [unconnected-(J21-3V3-Pad1)] of J21
    @(114.8400 mm, 177.2300 mm): PTH pad 17 [unconnected-(J21-3V3-Pad1)] of J21

** Found 0 Footprint errors **

** Ignored checks **
    - Footprint has no courtyard defined
    - Track endpoint not centered on via
    - Tuning profile track geometries
    - Footprint doesn't match symbol's footprint filters
    - Footprint component type doesn't match footprint pads

** End of Report **
